{"version": {"json_export": "192", "page_segmentation": "5", "schema": "1.1.0", "structure": "1.1065.0", "table_structure": "5"}, "extended_metadata": {"ID_instance": "FB D5 DB 16 9A B8 B2 11 0A 00 67 45 8B 6B C6 23 ", "ID_permanent": "37 36 20 30 37 20 44 41 20 31 36 20 39 41 20 42 38 20 42 32 20 31 31 20 30 41 20 30 30 20 36 37 20 34 35 20 38 42 20 36 42 20 43 36 20 32 33 20 ", "pdf_version": "1.6", "pdfa_compliance_level": "", "is_encrypted": false, "has_acroform": false, "is_digitally_signed": false, "pdfua_compliance_level": "", "page_count": 1, "has_embedded_files": false, "is_certified": false, "is_XFA": false, "language": "EN-US"}, "elements": [{"Bounds": [-32.25, 727.4407653808594, 218.78952026367188, 782.4000244140625], "ClipBounds": [-0.25, 727.4407653808594, 218.78952026367188, 782.4000244140625], "Page": 0, "Path": "//Document/Sect/Figure", "attributes": {"BBox": [0.0, 727.68299999999, 218.75099999999657, 782.3999999999942], "Placement": "Block"}}, {"Bounds": [144.72250366210938, 670.1018371582031, 470.12408447265625, 689.58935546875], "Font": {"alt_family_name": "Calibri", "embedded": true, "encoding": "WinAnsiEncoding", "family_name": "Calibri", "font_type": "TrueType", "italic": false, "monospaced": false, "name": "YHCIPS+Calibri-Bold", "subset": true, "weight": 700}, "HasClip": false, "Lang": "en", "Page": 0, "Path": "//Document/Sect/Title", "Text": "FBHS Employee Benefits Committee Appeal Procedures ", "TextSize": 14.039993286132812, "attributes": {"LineHeight": 16.875, "SpaceAfter": 18, "TextAlign": "Center"}}, {"Bounds": [54.0, 602.1835174560547, 554.5519256591797, 647.5888824462891], "Font": {"alt_family_name": "Calibri", "embedded": true, "encoding": "WinAnsiEncoding", "family_name": "Calibri", "font_type": "TrueType", "italic": false, "monospaced": false, "name": "SDEYJE+Calibri", "subset": true, "weight": 400}, "HasClip": false, "Lang": "en", "Page": 0, "Path": "//Document/Sect/P", "Text": "If you feel an error has occurred regarding your benefit election, eligibility, or cost of coverage, follow the steps outlined below to file a claim and/or appeal. Additional information can be found in the Fortune Brands Home and Security Consolidated Health and Welfare Summary Plan Description (SPD). ", "TextSize": 11.8800048828125, "attributes": {"LineHeight": 14.75}}, {"Bounds": [54.0, 573.9051666259766, 138.72662353515625, 589.3952331542969], "Font": {"alt_family_name": "Calibri", "embedded": true, "encoding": "WinAnsiEncoding", "family_name": "Calibri", "font_type": "TrueType", "italic": false, "monospaced": false, "name": "YHCIPS+Calibri-Bold", "subset": true, "weight": 700}, "HasClip": false, "Lang": "en", "Page": 0, "Path": "//Document/Sect[2]/H1", "Text": "Appeal Procedure ", "TextSize": 11.160003662109375, "attributes": {"LineHeight": 13.375}}, {"Bounds": [54.0, 551.6021728515625, 150.42662048339844, 565.5932159423828], "Font": {"alt_family_name": "Calibri", "embedded": true, "encoding": "WinAnsiEncoding", "family_name": "Calibri", "font_type": "TrueType", "italic": false, "monospaced": false, "name": "YHCIPS+Calibri-Bold", "subset": true, "weight": 700}, "HasClip": false, "Lang": "en", "Page": 0, "Path": "//Document/Sect[3]/H1", "Text": "Step 1 \u2013 File an Appeal ", "TextSize": 10.080001831054688}, {"Bounds": [53.97984313964844, 515.6165771484375, 515.9059448242188, 553.5778656005859], "Font": {"alt_family_name": "Calibri", "embedded": true, "encoding": "WinAnsiEncoding", "family_name": "Calibri", "font_type": "TrueType", "italic": false, "monospaced": false, "name": "SDEYJE+Calibri", "subset": true, "weight": 400}, "HasClip": false, "Lang": "en", "Page": 0, "Path": "//Document/Sect[3]/P", "Text": "Contact the Fortune Brands Benefits Center at (844) 321-3247 (FBHS) to file an appeal regarding benefit eligibility or cost of coverage under your employer\u2019s Consolidated Health and Welfare Plan (\u201cthe Plan\u201d). You or your authorized representative may request a review and file a claim. ", "TextSize": 10.080001831054688}, {"Bounds": [54.0, 493.279296875, 274.0059356689453, 507.2703399658203], "Font": {"alt_family_name": "Calibri", "embedded": true, "encoding": "WinAnsiEncoding", "family_name": "Calibri", "font_type": "TrueType", "italic": false, "monospaced": false, "name": "YHCIPS+Calibri-Bold", "subset": true, "weight": 700}, "HasClip": false, "Lang": "en", "Page": 0, "Path": "//Document/Sect[3]/Sect/H2", "Text": "Notice of Approval/Denial for Filing an Initial Appeal ", "TextSize": 10.080001831054688}, {"Bounds": [53.98991394042969, 456.94090270996094, 547.6579895019531, 494.9021759033203], "Font": {"alt_family_name": "Calibri", "embedded": true, "encoding": "WinAnsiEncoding", "family_name": "Calibri", "font_type": "TrueType", "italic": false, "monospaced": false, "name": "SDEYJE+Calibri", "subset": true, "weight": 400}, "HasClip": false, "Lang": "en", "Page": 0, "Path": "//Document/Sect[3]/Sect/P", "Text": "If your request in Step 1 is denied, you will receive notice within sixty (60) days after the claim was received, as long as all needed information was provided with the claim.  If the Company must request necessary information to review the eligibility claim, you will receive notice within thirty (30) days after all supporting documentation was received. ", "TextSize": 10.080001831054688}, {"Bounds": [54.0, 430.99497985839844, 194.7038116455078, 444.98602294921875], "Font": {"alt_family_name": "Calibri", "embedded": true, "encoding": "WinAnsiEncoding", "family_name": "Calibri", "font_type": "TrueType", "italic": false, "monospaced": false, "name": "YHCIPS+Calibri-Bold", "subset": true, "weight": 700}, "HasClip": false, "Lang": "en", "Page": 0, "Path": "//Document/Sect[4]/H1", "Text": "Step 2 \u2013 Submit a Written Appeal ", "TextSize": 10.080001831054688}, {"Bounds": [53.98991394042969, 406.8937072753906, 490.29888916015625, 432.61785888671875], "Font": {"alt_family_name": "Calibri", "embedded": true, "encoding": "WinAnsiEncoding", "family_name": "Calibri", "font_type": "TrueType", "italic": false, "monospaced": false, "name": "SDEYJE+Calibri", "subset": true, "weight": 400}, "HasClip": false, "Lang": "en", "Page": 0, "Path": "//Document/Sect[4]/P", "Text": "If you disagree with the determination in Step 1 above, you have the right to appeal this denial to the FBHS Employee Benefits Committee within 180 days from notice of denial. ", "TextSize": 10.080001831054688}, {"Bounds": [54.0, 384.5564270019531, 245.7720947265625, 398.5474548339844], "Font": {"alt_family_name": "Calibri", "embedded": true, "encoding": "WinAnsiEncoding", "family_name": "Calibri", "font_type": "TrueType", "italic": false, "monospaced": false, "name": "YHCIPS+Calibri-Bold", "subset": true, "weight": 700}, "HasClip": false, "Lang": "en", "Page": 0, "Path": "//Document/Sect[4]/Sect/H2", "Text": "All appeals submitted to the Committee must ", "TextSize": 10.080001831054688}, {"Bounds": [72.00288391113281, 373.2567443847656, 79.15968322753906, 385.604736328125], "Font": {"alt_family_name": "Symbol", "embedded": true, "encoding": "Identity-H", "family_name": "Symbol MT", "font_type": "CIDFontType2", "italic": false, "monospaced": false, "name": "JQNRNW+SymbolMT", "subset": true, "weight": 400}, "HasClip": false, "Page": 0, "Path": "//Document/Sect[4]/Sect/L/LI/Lbl", "Text": "\u2022 ", "TextSize": 10.080001831054688}, {"Bounds": [89.99568176269531, 371.9564208984375, 162.8335723876953, 385.9474639892578], "Font": {"alt_family_name": "Calibri", "embedded": true, "encoding": "WinAnsiEncoding", "family_name": "Calibri", "font_type": "TrueType", "italic": false, "monospaced": false, "name": "YHCIPS+Calibri-Bold", "subset": true, "weight": 700}, "HasClip": false, "Page": 0, "Path": "//Document/Sect[4]/Sect/L/LI/LBody", "Text": "be in writing and ", "TextSize": 10.080001831054688}, {"Bounds": [72.0, 360.6623992919922, 79.15679931640625, 373.0104064941406], "Font": {"alt_family_name": "Symbol", "embedded": true, "encoding": "Identity-H", "family_name": "Symbol MT", "font_type": "CIDFontType2", "italic": false, "monospaced": false, "name": "JQNRNW+SymbolMT", "subset": true, "weight": 400}, "HasClip": false, "Page": 0, "Path": "//Document/Sect[4]/Sect/L/LI[2]/Lbl", "Text": "\u2022 ", "TextSize": 10.080001831054688}, {"Bounds": [89.9927978515625, 359.36207580566406, 370.08575439453125, 373.3531188964844], "Font": {"alt_family_name": "Calibri", "embedded": true, "encoding": "WinAnsiEncoding", "family_name": "Calibri", "font_type": "TrueType", "italic": false, "monospaced": false, "name": "YHCIPS+Calibri-Bold", "subset": true, "weight": 700}, "HasClip": false, "Page": 0, "Path": "//Document/Sect[4]/Sect/L/LI[2]/LBody", "Text": "mailed to the address below within 180 days from notice of denial: ", "TextSize": 10.080001831054688}, {"Bounds": [213.12289428710938, 334.5249786376953, 365.03138732910156, 348.5160217285156], "Font": {"alt_family_name": "Calibri", "embedded": true, "encoding": "WinAnsiEncoding", "family_name": "Calibri", "font_type": "TrueType", "italic": false, "monospaced": false, "name": "YHCIPS+Calibri-Bold", "subset": true, "weight": 700}, "HasClip": false, "Page": 0, "Path": "//Document/Sect[5]/H1/Sub", "Text": "FBHS Employee Benefits Committee ", "TextSize": 10.080001831054688, "attributes": {"Placement": "Block"}}, {"Bounds": [224.63426208496094, 322.28785705566406, 353.13572692871094, 336.2789001464844], "Font": {"alt_family_name": "Calibri", "embedded": true, "encoding": "WinAnsiEncoding", "family_name": "Calibri", "font_type": "TrueType", "italic": false, "monospaced": false, "name": "YHCIPS+Calibri-Bold", "subset": true, "weight": 700}, "HasClip": false, "Page": 0, "Path": "//Document/Sect[5]/H1/Sub[2]/Sub", "Text": "520 Lake Cook Road, Suite 300 ", "TextSize": 10.080001831054688, "attributes": {"Placement": "Block"}}, {"Bounds": [248.04002380371094, 310.4035339355469, 330.10833740234375, 324.3945770263672], "Font": {"alt_family_name": "Calibri", "embedded": true, "encoding": "WinAnsiEncoding", "family_name": "Calibri", "font_type": "TrueType", "italic": false, "monospaced": false, "name": "YHCIPS+Calibri-Bold", "subset": true, "weight": 700}, "HasClip": false, "Page": 0, "Path": "//Document/Sect[5]/H1/Sub[2]/Sub[2]", "Text": "Deerfield, IL  60015 ", "TextSize": 10.080001831054688, "attributes": {"Placement": "Block"}}, {"Bounds": [54.00001525878906, 285.92930603027344, 245.79296875, 299.9203338623047], "Font": {"alt_family_name": "Calibri", "embedded": true, "encoding": "WinAnsiEncoding", "family_name": "Calibri", "font_type": "TrueType", "italic": false, "monospaced": false, "name": "YHCIPS+Calibri-Bold", "subset": true, "weight": 700}, "HasClip": false, "Lang": "en", "Page": 0, "Path": "//Document/Sect[5]/Sect/H2", "Text": "Notice of Approval/Denial for Written Appeal ", "TextSize": 10.080001831054688}, {"Bounds": [53.98994445800781, 237.35377502441406, 558.0835266113281, 287.55218505859375], "Font": {"alt_family_name": "Calibri", "embedded": true, "encoding": "WinAnsiEncoding", "family_name": "Calibri", "font_type": "TrueType", "italic": false, "monospaced": false, "name": "SDEYJE+Calibri", "subset": true, "weight": 400}, "HasClip": false, "Lang": "en", "Page": 0, "Path": "//Document/Sect[5]/Sect/P", "Text": "If your request in Step 2 is denied, you will receive notice within sixty (60) days after the claim was received, as long as all needed information was provided with the claim.  If the Company must request necessary information to review the eligibility claim, you will receive written notice within thirty (30) days after all supporting documentation was received. If an extension of time is necessary to process your claim, you will be notified. ", "TextSize": 10.080001831054688, "attributes": {"SpaceAfter": 18}}, {"Bounds": [54.0, 180.81900024414062, 221.23846435546875, 193.31100463867188], "Font": {"alt_family_name": "Calibri", "embedded": true, "encoding": "WinAnsiEncoding", "family_name": "Calibri", "font_type": "TrueType", "italic": false, "monospaced": false, "name": "YHCIPS+Calibri-Bold", "subset": true, "weight": 700}, "HasClip": false, "Lang": "en", "Page": 0, "Path": "//Document/Sect[6]/H1", "Text": "Determination of Benefits & Further Actions ", "TextSize": 9.0}, {"Bounds": [54.0, 159.19200134277344, 530.7112121582031, 182.03399658203125], "Font": {"alt_family_name": "Calibri", "embedded": true, "encoding": "WinAnsiEncoding", "family_name": "Calibri", "font_type": "TrueType", "italic": false, "monospaced": false, "name": "SDEYJE+Calibri", "subset": true, "weight": 400}, "HasClip": false, "Lang": "en", "Page": 0, "Path": "//Document/Sect[6]/P", "Text": "This summary is intended to provide an overview of information about the Appeals Procedure. If any information in this summary conflicts with the plan or policy document, those plan or policy documents will govern. ", "TextSize": 9.0}, {"Bounds": [54.0, 82.15199279785156, 561.8150787353516, 149.2740020751953], "Font": {"alt_family_name": "Calibri", "embedded": true, "encoding": "WinAnsiEncoding", "family_name": "Calibri", "font_type": "TrueType", "italic": false, "monospaced": false, "name": "SDEYJE+Calibri", "subset": true, "weight": 400}, "HasClip": false, "Lang": "en", "Page": 0, "Path": "//Document/Sect[6]/P[2]", "Text": "The Plan Administrator has complete discretionary authority to make all eligibility determinations under the Plan, including factual determinations, and to interpret the terms and provisions of the Plan. The Plan Administrator has the discretionary authority to make decisions regarding the interpretation or application of Plan provisions, to make determinations (including factual determinations) as to the rights and benefits of employees and participants under the Plan. Benefits under the Plan will be paid only if the Plan Administrator, or its delegate, decides in its discretion that the claimant is entitled to them. The decision of the Plan Administrator or its delegate, as applicable, is final and binding. ", "TextSize": 9.0, "attributes": {"LineHeight": 11, "SpaceAfter": 7.625, "TextAlign": "Justify"}}, {"Bounds": [54.0, 52.99200439453125, 533.7538452148438, 75.83399963378906], "Font": {"alt_family_name": "Calibri", "embedded": true, "encoding": "WinAnsiEncoding", "family_name": "Calibri", "font_type": "TrueType", "italic": false, "monospaced": false, "name": "SDEYJE+Calibri", "subset": true, "weight": 400}, "HasClip": false, "Lang": "en", "Page": 0, "Path": "//Document/Sect[6]/P[3]", "Text": "Refer to the Fortune Brands Home and Security Consolidated Health and Welfare SPD for further actions if you have exhausted the Claims and Appeal options outlined above and you wish to pursue your claim further. ", "TextSize": 9.0, "attributes": {"SpaceAfter": 18}}, {"Bounds": [484.9199981689453, 14.089065551757812, 559.7943878173828, 24.686019897460938], "Font": {"alt_family_name": "Calibri", "embedded": true, "encoding": "WinAnsiEncoding", "family_name": "Calibri", "font_type": "TrueType", "italic": false, "monospaced": false, "name": "SDEYJE+Calibri", "subset": true, "weight": 400}, "HasClip": false, "Lang": "en", "Page": 0, "Path": "//Document/Sect[6]/P[4]", "Text": "Updated January 2023 ", "TextSize": 7.9199981689453125, "attributes": {"LineHeight": 9.5, "TextAlign": "End"}}], "pages": [{"boxes": {"CropBox": [0.0, 0.0, 612.0, 792.0], "MediaBox": [0.0, 0.0, 612.0, 792.0]}, "height": 792.0, "is_scanned": false, "page_number": 0, "rotation": 0, "width": 612.0}]}