{"version": {"json_export": "192", "page_segmentation": "5", "schema": "1.1.0", "structure": "1.1065.0", "table_structure": "5"}, "extended_metadata": {"ID_instance": "8F 8D FC 75 90 B8 B2 11 0A 00 67 45 8B 6B C6 23 ", "ID_permanent": "36 38 20 43 33 20 46 39 20 37 35 20 39 30 20 42 38 20 42 32 20 31 31 20 30 41 20 30 30 20 36 37 20 34 35 20 38 42 20 36 42 20 43 36 20 32 33 20 ", "pdf_version": "1.6", "pdfa_compliance_level": "", "is_encrypted": false, "has_acroform": false, "is_digitally_signed": false, "pdfua_compliance_level": "", "page_count": 3, "has_embedded_files": false, "is_certified": false, "is_XFA": false, "language": "en"}, "elements": [{"Bounds": [72.0, 703.5777587890625, 353.48455810546875, 720.9985198974609], "Font": {"alt_family_name": "Calibri", "embedded": true, "encoding": "WinAnsiEncoding", "family_name": "Calibri", "font_type": "TrueType", "italic": false, "monospaced": false, "name": "KROEUY+Calibri", "subset": true, "weight": 400}, "HasClip": false, "Lang": "en", "Page": 0, "Path": "//Document/Sect/Title", "Text": "Outdoors & Security Educational Assistance Program ", "TextSize": 13.020004272460938, "attributes": {"LineHeight": 15.625, "SpaceAfter": 16.75}}, {"Bounds": [72.0, 673.927978515625, 259.9886779785156, 689.168212890625], "Font": {"alt_family_name": "Calibri", "embedded": true, "encoding": "WinAnsiEncoding", "family_name": "Calibri", "font_type": "TrueType", "italic": false, "monospaced": false, "name": "YHNFIW+Calibri-Bold", "subset": true, "weight": 700}, "HasClip": false, "Lang": "en", "Page": 0, "Path": "//Document/Sect[2]/H1", "Text": "Educational Assistance Program Purpose ", "TextSize": 10.979995727539062}, {"Bounds": [71.97804260253906, 634.0705871582031, 535.0476684570312, 675.5859527587891], "Font": {"alt_family_name": "Calibri", "embedded": true, "encoding": "WinAnsiEncoding", "family_name": "Calibri", "font_type": "TrueType", "italic": false, "monospaced": false, "name": "KROEUY+Calibri", "subset": true, "weight": 400}, "HasClip": false, "Lang": "en", "Page": 0, "Path": "//Document/Sect[2]/P", "Text": "The Educational Assistance Program has been designed to provide a way for Outdoors & Security associates to enhance their educational background for today\u2019s jobs and tomorrow\u2019s opportunities and to assist in obtaining a degree that is designed to help them better perform their work. ", "TextSize": 10.979995727539062}, {"Bounds": [71.97804260253906, 606.7852783203125, 162.0458526611328, 622.0255126953125], "Font": {"alt_family_name": "Calibri", "embedded": true, "encoding": "WinAnsiEncoding", "family_name": "Calibri", "font_type": "TrueType", "italic": false, "monospaced": false, "name": "YHNFIW+Calibri-Bold", "subset": true, "weight": 700}, "HasClip": false, "Lang": "en", "Page": 0, "Path": "//Document/Sect[3]/H1", "Text": "Associate Eligibility ", "TextSize": 10.979995727539062}, {"Bounds": [71.96705627441406, 580.3674011230469, 499.888427734375, 608.4432525634766], "Font": {"alt_family_name": "Calibri", "embedded": true, "encoding": "WinAnsiEncoding", "family_name": "Calibri", "font_type": "TrueType", "italic": false, "monospaced": false, "name": "KROEUY+Calibri", "subset": true, "weight": 400}, "HasClip": false, "Lang": "en", "Page": 0, "Path": "//Document/Sect[3]/P", "Text": "An associate should meet all the following guidelines in order to be eligible to participate in the program: ", "TextSize": 10.979995727539062}, {"Bounds": [71.96705627441406, 566.9278869628906, 82.81553649902344, 581.6191253662109], "Font": {"alt_family_name": "Calibri", "embedded": true, "encoding": "WinAnsiEncoding", "family_name": "Calibri", "font_type": "TrueType", "italic": false, "monospaced": false, "name": "KROEUY+Calibri", "subset": true, "weight": 400}, "HasClip": false, "Page": 0, "Path": "//Document/Sect[3]/L/LI/Lbl", "Text": "1. ", "TextSize": 10.979995727539062}, {"Bounds": [107.97047424316406, 553.4883575439453, 519.1605224609375, 581.6191253662109], "Font": {"alt_family_name": "Calibri", "embedded": true, "encoding": "WinAnsiEncoding", "family_name": "Calibri", "font_type": "TrueType", "italic": false, "monospaced": false, "name": "KROEUY+Calibri", "subset": true, "weight": 400}, "HasClip": false, "Page": 0, "Path": "//Document/Sect[3]/L/LI/LBody", "Text": "Be an active full-time associate for at least 1 year. Cannot be an intern, co-op, or temporary associate. ", "TextSize": 10.979995727539062}, {"Bounds": [71.96705627441406, 540.0488433837891, 82.81553649902344, 554.7400817871094], "Font": {"alt_family_name": "Calibri", "embedded": true, "encoding": "WinAnsiEncoding", "family_name": "Calibri", "font_type": "TrueType", "italic": false, "monospaced": false, "name": "KROEUY+Calibri", "subset": true, "weight": 400}, "HasClip": false, "Page": 0, "Path": "//Document/Sect[3]/L/LI[2]/Lbl", "Text": "2. ", "TextSize": 10.979995727539062}, {"Bounds": [107.97047424316406, 540.0488433837891, 372.3579559326172, 554.7400817871094], "Font": {"alt_family_name": "Calibri", "embedded": true, "encoding": "WinAnsiEncoding", "family_name": "Calibri", "font_type": "TrueType", "italic": false, "monospaced": false, "name": "KROEUY+Calibri", "subset": true, "weight": 400}, "HasClip": false, "Page": 0, "Path": "//Document/Sect[3]/L/LI[2]/LBody/ParagraphSpan", "Text": "Have demonstrated a sustained level of high performance. ", "TextSize": 10.979995727539062}, {"Bounds": [107.97047424316406, 526.6093139648438, 118.50025939941406, 541.3005676269531], "Font": {"alt_family_name": "Calibri", "embedded": true, "encoding": "WinAnsiEncoding", "family_name": "Calibri", "font_type": "TrueType", "italic": false, "monospaced": false, "name": "KROEUY+Calibri", "subset": true, "weight": 400}, "HasClip": false, "Page": 0, "Path": "//Document/Sect[3]/L/LI[2]/LBody/L/LI/Lbl", "Text": "a. ", "TextSize": 10.979995727539062}, {"Bounds": [143.96292114257812, 526.6093139648438, 385.9730682373047, 541.3005676269531], "Font": {"alt_family_name": "Calibri", "embedded": true, "encoding": "WinAnsiEncoding", "family_name": "Calibri", "font_type": "TrueType", "italic": false, "monospaced": false, "name": "KROEUY+Calibri", "subset": true, "weight": 400}, "HasClip": false, "Page": 0, "Path": "//Document/Sect[3]/L/LI[2]/LBody/L/LI/LBody", "Text": "Cannot be on a performance improvement plan (PIP). ", "TextSize": 10.979995727539062}, {"Bounds": [107.95950317382812, 513.2247009277344, 118.95028686523438, 527.9159393310547], "Font": {"alt_family_name": "Calibri", "embedded": true, "encoding": "WinAnsiEncoding", "family_name": "Calibri", "font_type": "TrueType", "italic": false, "monospaced": false, "name": "KROEUY+Calibri", "subset": true, "weight": 400}, "HasClip": false, "Page": 0, "Path": "//Document/Sect[3]/L/LI[2]/LBody/L/LI[2]/Lbl", "Text": "b. ", "TextSize": 10.979995727539062}, {"Bounds": [143.95193481445312, 513.2247009277344, 418.28257751464844, 527.9159393310547], "Font": {"alt_family_name": "Calibri", "embedded": true, "encoding": "WinAnsiEncoding", "family_name": "Calibri", "font_type": "TrueType", "italic": false, "monospaced": false, "name": "KROEUY+Calibri", "subset": true, "weight": 400}, "HasClip": false, "Page": 0, "Path": "//Document/Sect[3]/L/LI[2]/LBody/L/LI[2]/LBody", "Text": "Attendance, behaviors, disciplinary history may be reviewed. ", "TextSize": 10.979995727539062}, {"Bounds": [71.95608520507812, 499.7851867675781, 82.79350280761719, 514.4764251708984], "Font": {"alt_family_name": "Calibri", "embedded": true, "encoding": "WinAnsiEncoding", "family_name": "Calibri", "font_type": "TrueType", "italic": false, "monospaced": false, "name": "KROEUY+Calibri", "subset": true, "weight": 400}, "HasClip": false, "Page": 0, "Path": "//Document/Sect[3]/L/LI[3]/Lbl", "Text": "3. ", "TextSize": 10.979995727539062}, {"Bounds": [107.95950317382812, 486.3456573486328, 514.3137512207031, 514.4764251708984], "Font": {"alt_family_name": "Calibri", "embedded": true, "encoding": "WinAnsiEncoding", "family_name": "Calibri", "font_type": "TrueType", "italic": false, "monospaced": false, "name": "KROEUY+Calibri", "subset": true, "weight": 400}, "HasClip": false, "Page": 0, "Path": "//Document/Sect[3]/L/LI[3]/LBody/ParagraphSpan", "Text": "Have a position within the company whereby advanced education will help to improve the associate\u2019s job performance. ", "TextSize": 10.979995727539062}, {"Bounds": [107.95950317382812, 472.90614318847656, 118.51126098632812, 487.5973815917969], "Font": {"alt_family_name": "Calibri", "embedded": true, "encoding": "WinAnsiEncoding", "family_name": "Calibri", "font_type": "TrueType", "italic": false, "monospaced": false, "name": "KROEUY+Calibri", "subset": true, "weight": 400}, "HasClip": false, "Page": 0, "Path": "//Document/Sect[3]/L/LI[3]/LBody/L/LI/Lbl", "Text": "a. ", "TextSize": 10.979995727539062}, {"Bounds": [107.94851684570312, 459.5215148925781, 507.7304382324219, 487.5973815917969], "Font": {"alt_family_name": "Calibri", "embedded": true, "encoding": "WinAnsiEncoding", "family_name": "Calibri", "font_type": "TrueType", "italic": false, "monospaced": false, "name": "KROEUY+Calibri", "subset": true, "weight": 400}, "HasClip": false, "Page": 0, "Path": "//Document/Sect[3]/L/LI[3]/LBody/L/LI/LBody", "Text": "Completion of degree should enhance the associate\u2019s skills and prepare them for possible advancement within the organization. ", "TextSize": 10.979995727539062}, {"Bounds": [71.95608520507812, 446.0820007324219, 82.79350280761719, 460.7732391357422], "Font": {"alt_family_name": "Calibri", "embedded": true, "encoding": "WinAnsiEncoding", "family_name": "Calibri", "font_type": "TrueType", "italic": false, "monospaced": false, "name": "KROEUY+Calibri", "subset": true, "weight": 400}, "HasClip": false, "Page": 0, "Path": "//Document/Sect[3]/L/LI[4]/Lbl", "Text": "4. ", "TextSize": 10.979995727539062}, {"Bounds": [107.95950317382812, 432.6424865722656, 529.9174346923828, 460.7732391357422], "Font": {"alt_family_name": "Calibri", "embedded": true, "encoding": "WinAnsiEncoding", "family_name": "Calibri", "font_type": "TrueType", "italic": false, "monospaced": false, "name": "KROEUY+Calibri", "subset": true, "weight": 400}, "HasClip": false, "Page": 0, "Path": "//Document/Sect[3]/L/LI[4]/LBody", "Text": "An associate wishing to pursue a master\u2019s degree must occupy a salary exempt position at the time of application. ", "TextSize": 10.979995727539062}, {"Bounds": [71.96705627441406, 391.9725646972656, 265.0942840576172, 407.2127990722656], "Font": {"alt_family_name": "Calibri", "embedded": true, "encoding": "WinAnsiEncoding", "family_name": "Calibri", "font_type": "TrueType", "italic": false, "monospaced": false, "name": "YHNFIW+Calibri-Bold", "subset": true, "weight": 700}, "HasClip": false, "Lang": "en", "Page": 0, "Path": "//Document/Sect[4]/H1", "Text": "Acceptable Institutions / Course Eligibility ", "TextSize": 10.979995727539062}, {"Bounds": [71.95608520507812, 352.0602569580078, 532.9624938964844, 393.6305389404297], "Font": {"alt_family_name": "Calibri", "embedded": true, "encoding": "WinAnsiEncoding", "family_name": "Calibri", "font_type": "TrueType", "italic": false, "monospaced": false, "name": "KROEUY+Calibri", "subset": true, "weight": 400}, "HasClip": false, "Lang": "en", "Page": 0, "Path": "//Document/Sect[4]/P", "Text": "Courses must be taken at an accredited or recognized college, university, business school, trade school or other for-profit or non-profit educational institution that requires class attendance or a systematic plan of correspondence and must meet all of the following: ", "TextSize": 10.979995727539062}, {"Bounds": [71.989013671875, 338.62074279785156, 82.82644653320312, 353.3119812011719], "Font": {"alt_family_name": "Calibri", "embedded": true, "encoding": "WinAnsiEncoding", "family_name": "Calibri", "font_type": "TrueType", "italic": false, "monospaced": false, "name": "KROEUY+Calibri", "subset": true, "weight": 400}, "HasClip": false, "Page": 0, "Path": "//Document/Sect[4]/L/LI/Lbl", "Text": "1. ", "TextSize": 10.979995727539062}, {"Bounds": [107.99244689941406, 325.2361145019531, 511.2894287109375, 353.3119812011719], "Font": {"alt_family_name": "Calibri", "embedded": true, "encoding": "WinAnsiEncoding", "family_name": "Calibri", "font_type": "TrueType", "italic": false, "monospaced": false, "name": "KROEUY+Calibri", "subset": true, "weight": 400}, "HasClip": false, "Page": 0, "Path": "//Document/Sect[4]/L/LI/LBody", "Text": "Part of a certification, apprenticeship preparation, associate, bachelor or graduate degree program. ", "TextSize": 10.979995727539062}, {"Bounds": [72.0, 311.7966003417969, 82.83741760253906, 326.4878387451172], "Font": {"alt_family_name": "Calibri", "embedded": true, "encoding": "WinAnsiEncoding", "family_name": "Calibri", "font_type": "TrueType", "italic": false, "monospaced": false, "name": "KROEUY+Calibri", "subset": true, "weight": 400}, "HasClip": false, "Page": 0, "Path": "//Document/Sect[4]/L/LI[2]/Lbl", "Text": "2. ", "TextSize": 10.979995727539062}, {"Bounds": [108.00341796875, 311.7966003417969, 509.3114013671875, 326.4878387451172], "Font": {"alt_family_name": "Calibri", "embedded": true, "encoding": "WinAnsiEncoding", "family_name": "Calibri", "font_type": "TrueType", "italic": false, "monospaced": false, "name": "KROEUY+Calibri", "subset": true, "weight": 400}, "HasClip": false, "Page": 0, "Path": "//Document/Sect[4]/L/LI[2]/LBody", "Text": "Enhance or improve skills in current position or prepare associate for future assignments. ", "TextSize": 10.979995727539062}, {"Bounds": [72.0, 298.3570861816406, 82.83741760253906, 313.04832458496094], "Font": {"alt_family_name": "Calibri", "embedded": true, "encoding": "WinAnsiEncoding", "family_name": "Calibri", "font_type": "TrueType", "italic": false, "monospaced": false, "name": "KROEUY+Calibri", "subset": true, "weight": 400}, "HasClip": false, "Page": 0, "Path": "//Document/Sect[4]/L/LI[3]/Lbl", "Text": "3. ", "TextSize": 10.979995727539062}, {"Bounds": [108.00341796875, 298.3570861816406, 401.1347961425781, 313.04832458496094], "Font": {"alt_family_name": "Calibri", "embedded": true, "encoding": "WinAnsiEncoding", "family_name": "Calibri", "font_type": "TrueType", "italic": false, "monospaced": false, "name": "KROEUY+Calibri", "subset": true, "weight": 400}, "HasClip": false, "Page": 0, "Path": "//Document/Sect[4]/L/LI[3]/LBody", "Text": "Clear link to business objectives and career path of the associate. ", "TextSize": 10.979995727539062}, {"Bounds": [72.010986328125, 284.9175567626953, 82.85946655273438, 299.6087951660156], "Font": {"alt_family_name": "Calibri", "embedded": true, "encoding": "WinAnsiEncoding", "family_name": "Calibri", "font_type": "TrueType", "italic": false, "monospaced": false, "name": "KROEUY+Calibri", "subset": true, "weight": 400}, "HasClip": false, "Page": 0, "Path": "//Document/Sect[4]/L/LI[4]/Lbl", "Text": "4. ", "TextSize": 10.979995727539062}, {"Bounds": [108.014404296875, 258.0934143066406, 524.9662628173828, 299.6087951660156], "Font": {"alt_family_name": "Calibri", "embedded": true, "encoding": "WinAnsiEncoding", "family_name": "Calibri", "font_type": "TrueType", "italic": false, "monospaced": false, "name": "KROEUY+Calibri", "subset": true, "weight": 400}, "HasClip": false, "Page": 0, "Path": "//Document/Sect[4]/L/LI[4]/LBody", "Text": "All classes must have stipulations for regular opportunity for interaction with fellow students and faculty.  In the case of on-line classes and their equivalent, there must be a minimum requirement for chat-room interaction between both fellow students and professors. ", "TextSize": 10.979995727539062}, {"Bounds": [72.010986328125, 217.7748565673828, 532.3854064941406, 245.90562438964844], "Font": {"alt_family_name": "Calibri", "embedded": true, "encoding": "WinAnsiEncoding", "family_name": "Calibri", "font_type": "TrueType", "italic": false, "monospaced": false, "name": "KROEUY+Calibri", "subset": true, "weight": 400}, "HasClip": false, "Lang": "en", "Page": 0, "Path": "//Document/Sect[4]/P[2]", "Text": "Reimbursement for programs classified as \u201cExecutive Programs\u201d are subject to review and approval by the Executive Committee. Requests must be submitted to Human Resources. ", "TextSize": 10.979995727539062}, {"Bounds": [72.02195739746094, 164.07168579101562, 523.8018798828125, 205.64195251464844], "Font": {"alt_family_name": "Calibri", "embedded": true, "encoding": "WinAnsiEncoding", "family_name": "Calibri", "font_type": "TrueType", "italic": false, "monospaced": false, "name": "KROEUY+Calibri", "subset": true, "weight": 400}, "HasClip": false, "Lang": "en", "Page": 0, "Path": "//Document/Sect[4]/P[3]", "Text": "Requests for professional certification or single courses not leading to a degree are subject to review and approval by associate\u2019s manager. Reimbursements should be submitted through the Travel & Expense policy. ", "TextSize": 10.979995727539062}, {"Bounds": [72.02195739746094, 136.786376953125, 218.05921936035156, 152.02662658691406], "Font": {"alt_family_name": "Calibri", "embedded": true, "encoding": "WinAnsiEncoding", "family_name": "Calibri", "font_type": "TrueType", "italic": false, "monospaced": false, "name": "YHNFIW+Calibri-Bold", "subset": true, "weight": 700}, "HasClip": false, "Lang": "en", "Page": 0, "Path": "//Document/Sect[5]/H1", "Text": "Application & Approval Process ", "TextSize": 10.979995727539062}, {"Bounds": [72.02195739746094, 123.80801391601562, 211.60691833496094, 138.499267578125], "Font": {"alt_family_name": "Calibri", "embedded": true, "encoding": "WinAnsiEncoding", "family_name": "Calibri", "font_type": "TrueType", "italic": false, "monospaced": false, "name": "KROEUY+Calibri", "subset": true, "weight": 400}, "HasClip": false, "Lang": "en", "Page": 0, "Path": "//Document/Sect[5]/P", "Text": "The approval process includes: ", "TextSize": 10.979995727539062}, {"Bounds": [72.02195739746094, 110.36849975585938, 82.83926391601562, 125.05973815917969], "Font": {"alt_family_name": "Calibri", "embedded": true, "encoding": "WinAnsiEncoding", "family_name": "Calibri", "font_type": "TrueType", "italic": false, "monospaced": false, "name": "KROEUY+Calibri", "subset": true, "weight": 400}, "HasClip": false, "Page": 0, "Path": "//Document/Sect[5]/L/LI/Lbl", "Text": "1. ", "TextSize": 10.979995727539062}, {"Bounds": [108.02537536621094, 96.92898559570312, 541.0955200195312, 125.05973815917969], "Font": {"alt_family_name": "Calibri", "embedded": true, "encoding": "WinAnsiEncoding", "family_name": "Calibri", "font_type": "TrueType", "italic": false, "monospaced": false, "name": "KROEUY+Calibri", "subset": true, "weight": 400}, "HasClip": false, "Page": 0, "Path": "//Document/Sect[5]/L/LI/LBody/ParagraphSpan", "Text": "All candidates must complete the Educational Assistance Application (annually) prior to the start of classes. ", "TextSize": 10.979995727539062}, {"Bounds": [72.0, 706.0742340087891, 82.82624816894531, 720.7654724121094], "Font": {"alt_family_name": "Calibri", "embedded": true, "encoding": "WinAnsiEncoding", "family_name": "Calibri", "font_type": "TrueType", "italic": false, "monospaced": false, "name": "KROEUY+Calibri", "subset": true, "weight": 400}, "HasClip": false, "Page": 1, "Path": "//Document/Sect[5]/L/LI[2]/Lbl", "Text": "2. ", "TextSize": 10.979995727539062}, {"Bounds": [107.99244689941406, 692.6347198486328, 531.2940063476562, 720.7654724121094], "Font": {"alt_family_name": "Calibri", "embedded": true, "encoding": "WinAnsiEncoding", "family_name": "Calibri", "font_type": "TrueType", "italic": false, "monospaced": false, "name": "KROEUY+Calibri", "subset": true, "weight": 400}, "HasClip": false, "Page": 1, "Path": "//Document/Sect[5]/L/LI[2]/LBody", "Text": "All candidates must be sponsored by their immediate manager. Sponsor is expected to gather input from appropriate functional leader relevant to participant\u2019s course of study. ", "TextSize": 10.979995727539062}, {"Bounds": [72.0, 679.2501068115234, 82.82624816894531, 693.9413452148438], "Font": {"alt_family_name": "Calibri", "embedded": true, "encoding": "WinAnsiEncoding", "family_name": "Calibri", "font_type": "TrueType", "italic": false, "monospaced": false, "name": "KROEUY+Calibri", "subset": true, "weight": 400}, "HasClip": false, "Page": 1, "Path": "//Document/Sect[5]/L/LI[3]/Lbl", "Text": "3. ", "TextSize": 10.979995727539062}, {"Bounds": [107.98146057128906, 665.8105773925781, 530.801513671875, 693.9413452148438], "Font": {"alt_family_name": "Calibri", "embedded": true, "encoding": "WinAnsiEncoding", "family_name": "Calibri", "font_type": "TrueType", "italic": false, "monospaced": false, "name": "KROEUY+Calibri", "subset": true, "weight": 400}, "HasClip": false, "Page": 1, "Path": "//Document/Sect[5]/L/LI[3]/LBody/ParagraphSpan", "Text": "All candidates must be approved each calendar year by the Educational Assistance Committee as follows:  ", "TextSize": 10.979995727539062}, {"Bounds": [107.98146057128906, 652.3710632324219, 118.53321838378906, 667.0623016357422], "Font": {"alt_family_name": "Calibri", "embedded": true, "encoding": "WinAnsiEncoding", "family_name": "Calibri", "font_type": "TrueType", "italic": false, "monospaced": false, "name": "KROEUY+Calibri", "subset": true, "weight": 400}, "HasClip": false, "Page": 1, "Path": "//Document/Sect[5]/L/LI[3]/LBody/L/LI/Lbl", "Text": "a. ", "TextSize": 10.979995727539062}, {"Bounds": [143.97390747070312, 638.9315338134766, 538.1438598632812, 667.0623016357422], "Font": {"alt_family_name": "Calibri", "embedded": true, "encoding": "WinAnsiEncoding", "family_name": "Calibri", "font_type": "TrueType", "italic": false, "monospaced": false, "name": "KROEUY+Calibri", "subset": true, "weight": 400}, "HasClip": false, "Page": 1, "Path": "//Document/Sect[5]/L/LI[3]/LBody/L/LI/LBody", "Text": "Local Human Resource Manager, Plant/General Manager, appropriate Leadership Team Member. ", "TextSize": 10.979995727539062}, {"Bounds": [107.97047424316406, 625.4920196533203, 118.98348999023438, 640.1832580566406], "Font": {"alt_family_name": "Calibri", "embedded": true, "encoding": "WinAnsiEncoding", "family_name": "Calibri", "font_type": "TrueType", "italic": false, "monospaced": false, "name": "KROEUY+Calibri", "subset": true, "weight": 400}, "HasClip": false, "Page": 1, "Path": "//Document/Sect[5]/L/LI[3]/LBody/L/LI[2]/Lbl", "Text": "b. ", "TextSize": 10.979995727539062}, {"Bounds": [143.96292114257812, 612.1074066162109, 518.16552734375, 640.1832580566406], "Font": {"alt_family_name": "Calibri", "embedded": true, "encoding": "WinAnsiEncoding", "family_name": "Calibri", "font_type": "TrueType", "italic": false, "monospaced": false, "name": "KROEUY+Calibri", "subset": true, "weight": 400}, "HasClip": false, "Page": 1, "Path": "//Document/Sect[5]/L/LI[3]/LBody/L/LI[2]/LBody", "Text": "All master\u2019s level programs must be approved in advance by the leadership team in addition to the Educational Assistance committee. ", "TextSize": 10.979995727539062}, {"Bounds": [71.97804260253906, 598.6678771972656, 82.80429077148438, 613.3591156005859], "Font": {"alt_family_name": "Calibri", "embedded": true, "encoding": "WinAnsiEncoding", "family_name": "Calibri", "font_type": "TrueType", "italic": false, "monospaced": false, "name": "KROEUY+Calibri", "subset": true, "weight": 400}, "HasClip": false, "Page": 1, "Path": "//Document/Sect[5]/L/LI[4]/Lbl", "Text": "4. ", "TextSize": 10.979995727539062}, {"Bounds": [107.97047424316406, 585.2283630371094, 540.4329833984375, 613.3591156005859], "Font": {"alt_family_name": "Calibri", "embedded": true, "encoding": "WinAnsiEncoding", "family_name": "Calibri", "font_type": "TrueType", "italic": false, "monospaced": false, "name": "KROEUY+Calibri", "subset": true, "weight": 400}, "HasClip": false, "Page": 1, "Path": "//Document/Sect[5]/L/LI[4]/LBody", "Text": "Candidates will be notified in writing by Human Resources of the status of the application within 30 days of receipt of the application. ", "TextSize": 10.979995727539062}, {"Bounds": [71.96705627441406, 544.5584411621094, 189.0810089111328, 559.7986755371094], "Font": {"alt_family_name": "Calibri", "embedded": true, "encoding": "WinAnsiEncoding", "family_name": "Calibri", "font_type": "TrueType", "italic": false, "monospaced": false, "name": "YHNFIW+Calibri-Bold", "subset": true, "weight": 700}, "HasClip": false, "Lang": "en", "Page": 1, "Path": "//Document/Sect[6]/H1", "Text": "Reimbursement of Funds ", "TextSize": 10.979995727539062}, {"Bounds": [71.96705627441406, 450.9429626464844, 538.3012084960938, 546.2164154052734], "Font": {"alt_family_name": "Calibri", "embedded": true, "encoding": "WinAnsiEncoding", "family_name": "Calibri", "font_type": "TrueType", "italic": false, "monospaced": false, "name": "KROEUY+Calibri", "subset": true, "weight": 400}, "HasClip": false, "Lang": "en", "Page": 1, "Path": "//Document/Sect[6]/P", "Text": "Reimbursements are limited to costs that are not paid or reimbursed by any public program -- federal, state, local, or by a fellowship or scholarship. The reimbursement percentage will be 50% of the eligible expenses. For example, if an associate incurs $3,000 in reimbursable items, the company will reimburse $1,500. Reimbursements will be forgiven three years after receipt of payment. A Pro-rated repayment will be required for any/all reimbursements if employment is ended for voluntary or involuntary reasons. Repayment will not be required if seperation is a result of a reduction in force. The total program life-time reimbursement maximum is $55,000. ", "TextSize": 10.979995727539062}, {"Bounds": [71.989013671875, 410.67930603027344, 527.7257995605469, 438.7551574707031], "Font": {"alt_family_name": "Calibri", "embedded": true, "encoding": "WinAnsiEncoding", "family_name": "Calibri", "font_type": "TrueType", "italic": false, "monospaced": false, "name": "KROEUY+Calibri", "subset": true, "weight": 400}, "HasClip": false, "Lang": "en", "Page": 1, "Path": "//Document/Sect[6]/P[2]", "Text": "For example, if an associate was reimbursed $2,000 in 2019, that amount will be forgiven in whole on the anniversary of that payment in 2022. ", "TextSize": 10.979995727539062, "attributes": {"SpaceAfter": 17.5}}, {"Bounds": [82.3800048828125, 286.3142395019531, 530.2506866455078, 398.0254821777344], "ClipBounds": [82.3800048828125, 286.54998779296875, 530.2506866455078, 397.510009765625], "Page": 1, "Path": "//Document/Sect[6]/Table", "attributes": {"BBox": [71.39709999999832, 285.8609999999899, 540.2179999999935, 398.89599999999336], "NumCol": 4, "NumRow": 7, "Placement": "Block", "SpaceAfter": 13}}, {"Bounds": [82.3800048828125, 383.33424377441406, 104.74607849121094, 398.0254821777344], "ClipBounds": [82.3800048828125, 383.33424377441406, 104.74607849121094, 397.510009765625], "Page": 1, "Path": "//Document/Sect[6]/Table/TR/TH", "attributes": {"BBox": [71.39709999999832, 370.4569999999949, 112.67499999999927, 398.89599999999336], "BlockAlign": "Before", "BorderColor": [0, 0, 0], "BorderStyle": "Solid", "BorderThickness": [0.75, 0.375, 0.625, 0.375], "ColIndex": 0, "Height": 28.5, "InlineAlign": "Center", "RowIndex": 0, "Width": 41.25}}, {"Bounds": [82.3800048828125, 383.33424377441406, 104.74607849121094, 398.0254821777344], "ClipBounds": [82.3800048828125, 383.33424377441406, 104.74607849121094, 397.510009765625], "Font": {"alt_family_name": "Calibri", "embedded": true, "encoding": "WinAnsiEncoding", "family_name": "Calibri", "font_type": "TrueType", "italic": false, "monospaced": false, "name": "KROEUY+Calibri", "subset": true, "weight": 400}, "HasClip": true, "Lang": "en", "Page": 1, "Path": "//Document/Sect[6]/Table/TR/TH/P", "Text": "Year ", "TextSize": 10.979995727539062, "attributes": {"LineHeight": 13.125}}, {"Bounds": [122.33999633789062, 383.33424377441406, 244.5749969482422, 398.0254821777344], "ClipBounds": [122.33999633789062, 383.33424377441406, 244.5749969482422, 397.510009765625], "Page": 1, "Path": "//Document/Sect[6]/Table/TR/TH[2]", "attributes": {"BBox": [111.95499999999811, 370.4569999999949, 252.22999999999593, 398.89599999999336], "BlockAlign": "Before", "BorderColor": [0, 0, 0], "BorderStyle": "Solid", "BorderThickness": [0.75, 0.375, 0.375, 0.25], "ColIndex": 1, "Height": 28.5, "InlineAlign": "Start", "RowIndex": 0, "Width": 140.25}}, {"Bounds": [122.33999633789062, 383.33424377441406, 244.5749969482422, 398.0254821777344], "ClipBounds": [122.33999633789062, 383.33424377441406, 244.5749969482422, 397.510009765625], "Font": {"alt_family_name": "Calibri", "embedded": true, "encoding": "WinAnsiEncoding", "family_name": "Calibri", "font_type": "TrueType", "italic": false, "monospaced": false, "name": "KROEUY+Calibri", "subset": true, "weight": 400}, "HasClip": true, "Lang": "en", "Page": 1, "Path": "//Document/Sect[6]/Table/TR/TH[2]/P", "Text": "Reimbursed Amount July 1 ", "TextSize": 10.979995727539062, "attributes": {"LineHeight": 13.125}}, {"Bounds": [267.17999267578125, 383.33424377441406, 374.1296844482422, 398.0254821777344], "ClipBounds": [267.17999267578125, 383.33424377441406, 374.1296844482422, 397.510009765625], "Page": 1, "Path": "//Document/Sect[6]/Table/TR/TH[3]", "attributes": {"BBox": [251.62999999999738, 370.4569999999949, 386.1439999999857, 398.89599999999336], "BlockAlign": "Before", "BorderColor": [0, 0, 0], "BorderStyle": "Solid", "BorderThickness": [0.75, 0.375, 0.25, 0.25], "ColIndex": 2, "Height": 28.5, "InlineAlign": "Start", "RowIndex": 0, "Width": 134.5}}, {"Bounds": [267.17999267578125, 383.33424377441406, 374.1296844482422, 398.0254821777344], "ClipBounds": [267.17999267578125, 383.33424377441406, 374.1296844482422, 397.510009765625], "Font": {"alt_family_name": "Calibri", "embedded": true, "encoding": "WinAnsiEncoding", "family_name": "Calibri", "font_type": "TrueType", "italic": false, "monospaced": false, "name": "KROEUY+Calibri", "subset": true, "weight": 400}, "HasClip": true, "Lang": "en", "Page": 1, "Path": "//Document/Sect[6]/Table/TR/TH[3]/P", "Text": "Forgiven Amount July 1 ", "TextSize": 10.979995727539062, "attributes": {"LineHeight": 13.125}}, {"Bounds": [398.8800048828125, 369.8942413330078, 530.2506866455078, 398.0254821777344], "ClipBounds": [398.8800048828125, 370.1300048828125, 530.2506866455078, 397.510009765625], "Page": 1, "Path": "//Document/Sect[6]/Table/TR/TH[4]", "attributes": {"BBox": [385.5439999999944, 370.4569999999949, 540.8179999999993, 398.89599999999336], "BlockAlign": "Before", "BorderColor": [0, 0, 0], "BorderStyle": "Solid", "BorderThickness": [0.75, 0.375, 0.25, 0.625], "ColIndex": 3, "Height": 28.5, "InlineAlign": "Center", "RowIndex": 0, "Width": 155.25}}, {"Bounds": [398.8800048828125, 369.8942413330078, 530.2506866455078, 398.0254821777344], "ClipBounds": [398.8800048828125, 370.1300048828125, 530.2506866455078, 397.510009765625], "Font": {"alt_family_name": "Calibri", "embedded": true, "encoding": "WinAnsiEncoding", "family_name": "Calibri", "font_type": "TrueType", "italic": false, "monospaced": false, "name": "KROEUY+Calibri", "subset": true, "weight": 400}, "HasClip": true, "Lang": "en", "Page": 1, "Path": "//Document/Sect[6]/Table/TR/TH[4]/P", "Text": "Due if left the company after July 1 ", "TextSize": 10.979995727539062, "attributes": {"LineHeight": 13.5, "TextAlign": "Center"}}, {"Bounds": [89.58000183105469, 355.9742431640625, 97.62835693359375, 370.6654815673828], "ClipBounds": [89.58000183105469, 356.2099914550781, 97.62835693359375, 370.1499938964844], "Page": 1, "Path": "//Document/Sect[6]/Table/TR[2]/TD", "attributes": {"BBox": [71.39709999999832, 357.4979999999923, 112.67499999999927, 371.17699999999604], "BlockAlign": "Middle", "BorderColor": [0, 0, 0], "BorderStyle": "Solid", "BorderThickness": [0.375, 0.375, 0.625, 0.375], "ColIndex": 0, "Height": 13.625, "InlineAlign": "Center", "RowIndex": 1, "Width": 41.25}}, {"Bounds": [89.58000183105469, 355.9742431640625, 97.62835693359375, 370.6654815673828], "ClipBounds": [89.58000183105469, 356.2099914550781, 97.62835693359375, 370.1499938964844], "Font": {"alt_family_name": "Calibri", "embedded": true, "encoding": "WinAnsiEncoding", "family_name": "Calibri", "font_type": "TrueType", "italic": false, "monospaced": false, "name": "KROEUY+Calibri", "subset": true, "weight": 400}, "HasClip": true, "Lang": "en", "Page": 1, "Path": "//Document/Sect[6]/Table/TR[2]/TD/P", "Text": "1 ", "TextSize": 10.979995727539062, "attributes": {"LineHeight": 13.125}}, {"Bounds": [166.9199981689453, 355.9742431640625, 200.06024169921875, 370.6654815673828], "ClipBounds": [166.9199981689453, 356.2099914550781, 200.06024169921875, 370.1499938964844], "Page": 1, "Path": "//Document/Sect[6]/Table/TR[2]/TD[2]", "attributes": {"BBox": [111.95499999999811, 357.4979999999923, 252.22999999999593, 371.17699999999604], "BlockAlign": "Middle", "BorderColor": [0, 0, 0], "BorderStyle": "Solid", "BorderThickness": [0.375, 0.375, 0.375, 0.25], "ColIndex": 1, "Height": 13.625, "InlineAlign": "Center", "RowIndex": 1, "Width": 140.25}}, {"Bounds": [166.9199981689453, 355.9742431640625, 200.06024169921875, 370.6654815673828], "ClipBounds": [166.9199981689453, 356.2099914550781, 200.06024169921875, 370.1499938964844], "Font": {"alt_family_name": "Calibri", "embedded": true, "encoding": "WinAnsiEncoding", "family_name": "Calibri", "font_type": "TrueType", "italic": false, "monospaced": false, "name": "KROEUY+Calibri", "subset": true, "weight": 400}, "HasClip": true, "Lang": "en", "Page": 1, "Path": "//Document/Sect[6]/Table/TR[2]/TD[2]/P", "Text": "$2,000 ", "TextSize": 10.979995727539062, "attributes": {"LineHeight": 13.125}}, {"Bounds": [313.9199981689453, 355.9742431640625, 327.5684356689453, 370.6654815673828], "ClipBounds": [313.9199981689453, 356.2099914550781, 327.5684356689453, 370.1499938964844], "Page": 1, "Path": "//Document/Sect[6]/Table/TR[2]/TD[3]", "attributes": {"BBox": [251.62999999999738, 357.4979999999923, 386.1439999999857, 371.17699999999604], "BlockAlign": "Middle", "BorderColor": [0, 0, 0], "BorderStyle": "Solid", "BorderThickness": [0.375, 0.375, 0.25, 0.25], "ColIndex": 2, "Height": 13.625, "InlineAlign": "Center", "RowIndex": 1, "Width": 134.5}}, {"Bounds": [313.9199981689453, 355.9742431640625, 327.5684356689453, 370.6654815673828], "ClipBounds": [313.9199981689453, 356.2099914550781, 327.5684356689453, 370.1499938964844], "Font": {"alt_family_name": "Calibri", "embedded": true, "encoding": "WinAnsiEncoding", "family_name": "Calibri", "font_type": "TrueType", "italic": false, "monospaced": false, "name": "KROEUY+Calibri", "subset": true, "weight": 400}, "HasClip": true, "Lang": "en", "Page": 1, "Path": "//Document/Sect[6]/Table/TR[2]/TD[3]/P", "Text": "$0 ", "TextSize": 10.979995727539062, "attributes": {"LineHeight": 13.125}}, {"Bounds": [448.0800018310547, 355.9742431640625, 481.2202453613281, 370.6654815673828], "ClipBounds": [448.0800018310547, 356.2099914550781, 481.2202453613281, 370.1499938964844], "Page": 1, "Path": "//Document/Sect[6]/Table/TR[2]/TD[4]", "attributes": {"BBox": [385.5439999999944, 357.4979999999923, 540.8179999999993, 371.17699999999604], "BlockAlign": "Middle", "BorderColor": [0, 0, 0], "BorderStyle": "Solid", "BorderThickness": [0.375, 0.375, 0.25, 0.625], "ColIndex": 3, "Height": 13.625, "InlineAlign": "Center", "RowIndex": 1, "Width": 155.25}}, {"Bounds": [448.0800018310547, 355.9742431640625, 481.2202453613281, 370.6654815673828], "ClipBounds": [448.0800018310547, 356.2099914550781, 481.2202453613281, 370.1499938964844], "Font": {"alt_family_name": "Calibri", "embedded": true, "encoding": "WinAnsiEncoding", "family_name": "Calibri", "font_type": "TrueType", "italic": false, "monospaced": false, "name": "KROEUY+Calibri", "subset": true, "weight": 400}, "HasClip": true, "Lang": "en", "Page": 1, "Path": "//Document/Sect[6]/Table/TR[2]/TD[4]/P", "Text": "$2,000 ", "TextSize": 10.979995727539062, "attributes": {"LineHeight": 13.125}}, {"Bounds": [89.58000183105469, 342.0542449951172, 97.62835693359375, 356.7454833984375], "ClipBounds": [89.58000183105469, 342.2900085449219, 97.62835693359375, 356.2300109863281], "Page": 1, "Path": "//Document/Sect[6]/Table/TR[3]/TD", "attributes": {"BBox": [71.39709999999832, 343.09799999999814, 112.67499999999927, 358.2179999999935], "BlockAlign": "Middle", "BorderColor": [0, 0, 0], "BorderStyle": "Solid", "BorderThickness": [0.375, 0.375, 0.625, 0.375], "ColIndex": 0, "Height": 15.125, "InlineAlign": "Center", "RowIndex": 2, "Width": 41.25}}, {"Bounds": [89.58000183105469, 342.0542449951172, 97.62835693359375, 356.7454833984375], "ClipBounds": [89.58000183105469, 342.2900085449219, 97.62835693359375, 356.2300109863281], "Font": {"alt_family_name": "Calibri", "embedded": true, "encoding": "WinAnsiEncoding", "family_name": "Calibri", "font_type": "TrueType", "italic": false, "monospaced": false, "name": "KROEUY+Calibri", "subset": true, "weight": 400}, "HasClip": true, "Lang": "en", "Page": 1, "Path": "//Document/Sect[6]/Table/TR[3]/TD/P", "Text": "2 ", "TextSize": 10.979995727539062, "attributes": {"LineHeight": 13.125}}, {"Bounds": [166.9199981689453, 342.0542449951172, 200.05819702148438, 356.7454833984375], "ClipBounds": [166.9199981689453, 342.2900085449219, 200.05819702148438, 356.2300109863281], "Page": 1, "Path": "//Document/Sect[6]/Table/TR[3]/TD[2]", "attributes": {"BBox": [111.95499999999811, 343.09799999999814, 252.22999999999593, 358.2179999999935], "BlockAlign": "Middle", "BorderColor": [0, 0, 0], "BorderStyle": "Solid", "BorderThickness": [0.375, 0.375, 0.375, 0.25], "ColIndex": 1, "Height": 15.125, "InlineAlign": "Center", "RowIndex": 2, "Width": 140.25}}, {"Bounds": [166.9199981689453, 342.0542449951172, 200.05819702148438, 356.7454833984375], "ClipBounds": [166.9199981689453, 342.2900085449219, 200.05819702148438, 356.2300109863281], "Font": {"alt_family_name": "Calibri", "embedded": true, "encoding": "WinAnsiEncoding", "family_name": "Calibri", "font_type": "TrueType", "italic": false, "monospaced": false, "name": "KROEUY+Calibri", "subset": true, "weight": 400}, "HasClip": true, "Lang": "en", "Page": 1, "Path": "//Document/Sect[6]/Table/TR[3]/TD[2]/P", "Text": "$2,000 ", "TextSize": 10.979995727539062, "attributes": {"LineHeight": 13.125}}, {"Bounds": [313.9199981689453, 342.0542449951172, 327.5684356689453, 356.7454833984375], "ClipBounds": [313.9199981689453, 342.2900085449219, 327.5684356689453, 356.2300109863281], "Page": 1, "Path": "//Document/Sect[6]/Table/TR[3]/TD[3]", "attributes": {"BBox": [251.62999999999738, 343.09799999999814, 386.1439999999857, 358.2179999999935], "BlockAlign": "Middle", "BorderColor": [0, 0, 0], "BorderStyle": "Solid", "BorderThickness": [0.375, 0.375, 0.25, 0.25], "ColIndex": 2, "Height": 15.125, "InlineAlign": "Center", "RowIndex": 2, "Width": 134.5}}, {"Bounds": [313.9199981689453, 342.0542449951172, 327.5684356689453, 356.7454833984375], "ClipBounds": [313.9199981689453, 342.2900085449219, 327.5684356689453, 356.2300109863281], "Font": {"alt_family_name": "Calibri", "embedded": true, "encoding": "WinAnsiEncoding", "family_name": "Calibri", "font_type": "TrueType", "italic": false, "monospaced": false, "name": "KROEUY+Calibri", "subset": true, "weight": 400}, "HasClip": true, "Lang": "en", "Page": 1, "Path": "//Document/Sect[6]/Table/TR[3]/TD[3]/P", "Text": "$0 ", "TextSize": 10.979995727539062, "attributes": {"LineHeight": 13.125}}, {"Bounds": [448.0800018310547, 342.0542449951172, 481.21820068359375, 356.7454833984375], "ClipBounds": [448.0800018310547, 342.2900085449219, 481.21820068359375, 356.2300109863281], "Page": 1, "Path": "//Document/Sect[6]/Table/TR[3]/TD[4]", "attributes": {"BBox": [385.5439999999944, 343.09799999999814, 540.8179999999993, 358.2179999999935], "BlockAlign": "Middle", "BorderColor": [0, 0, 0], "BorderStyle": "Solid", "BorderThickness": [0.375, 0.375, 0.25, 0.625], "ColIndex": 3, "Height": 15.125, "InlineAlign": "Center", "RowIndex": 2, "Width": 155.25}}, {"Bounds": [448.0800018310547, 342.0542449951172, 481.21820068359375, 356.7454833984375], "ClipBounds": [448.0800018310547, 342.2900085449219, 481.21820068359375, 356.2300109863281], "Font": {"alt_family_name": "Calibri", "embedded": true, "encoding": "WinAnsiEncoding", "family_name": "Calibri", "font_type": "TrueType", "italic": false, "monospaced": false, "name": "KROEUY+Calibri", "subset": true, "weight": 400}, "HasClip": true, "Lang": "en", "Page": 1, "Path": "//Document/Sect[6]/Table/TR[3]/TD[4]/P", "Text": "$4,000 ", "TextSize": 10.979995727539062, "attributes": {"LineHeight": 13.125}}, {"Bounds": [89.58000183105469, 328.1342468261719, 97.62835693359375, 342.8254852294922], "ClipBounds": [89.58000183105469, 328.3699951171875, 97.62835693359375, 342.25], "Page": 1, "Path": "//Document/Sect[6]/Table/TR[4]/TD", "attributes": {"BBox": [71.39709999999832, 328.69899999999325, 112.67499999999927, 343.8179999999993], "BlockAlign": "Middle", "BorderColor": [0, 0, 0], "BorderStyle": "Solid", "BorderThickness": [0.375, 0.375, 0.625, 0.375], "ColIndex": 0, "Height": 15.125, "InlineAlign": "Center", "RowIndex": 3, "Width": 41.25}}, {"Bounds": [89.58000183105469, 328.1342468261719, 97.62835693359375, 342.8254852294922], "ClipBounds": [89.58000183105469, 328.3699951171875, 97.62835693359375, 342.25], "Font": {"alt_family_name": "Calibri", "embedded": true, "encoding": "WinAnsiEncoding", "family_name": "Calibri", "font_type": "TrueType", "italic": false, "monospaced": false, "name": "KROEUY+Calibri", "subset": true, "weight": 400}, "HasClip": true, "Lang": "en", "Page": 1, "Path": "//Document/Sect[6]/Table/TR[4]/TD/P", "Text": "3 ", "TextSize": 10.979995727539062, "attributes": {"LineHeight": 13.125}}, {"Bounds": [166.9199981689453, 328.1342468261719, 200.05819702148438, 342.8254852294922], "ClipBounds": [166.9199981689453, 328.3699951171875, 200.05819702148438, 342.25], "Page": 1, "Path": "//Document/Sect[6]/Table/TR[4]/TD[2]", "attributes": {"BBox": [111.95499999999811, 328.69899999999325, 252.22999999999593, 343.8179999999993], "BlockAlign": "Middle", "BorderColor": [0, 0, 0], "BorderStyle": "Solid", "BorderThickness": [0.375, 0.375, 0.375, 0.25], "ColIndex": 1, "Height": 15.125, "InlineAlign": "Center", "RowIndex": 3, "Width": 140.25}}, {"Bounds": [166.9199981689453, 328.1342468261719, 200.05819702148438, 342.8254852294922], "ClipBounds": [166.9199981689453, 328.3699951171875, 200.05819702148438, 342.25], "Font": {"alt_family_name": "Calibri", "embedded": true, "encoding": "WinAnsiEncoding", "family_name": "Calibri", "font_type": "TrueType", "italic": false, "monospaced": false, "name": "KROEUY+Calibri", "subset": true, "weight": 400}, "HasClip": true, "Lang": "en", "Page": 1, "Path": "//Document/Sect[6]/Table/TR[4]/TD[2]/P", "Text": "$2,000 ", "TextSize": 10.979995727539062, "attributes": {"LineHeight": 13.125}}, {"Bounds": [313.9199981689453, 328.1342468261719, 327.5684356689453, 342.8254852294922], "ClipBounds": [313.9199981689453, 328.3699951171875, 327.5684356689453, 342.25], "Page": 1, "Path": "//Document/Sect[6]/Table/TR[4]/TD[3]", "attributes": {"BBox": [251.62999999999738, 328.69899999999325, 386.1439999999857, 343.8179999999993], "BlockAlign": "Middle", "BorderColor": [0, 0, 0], "BorderStyle": "Solid", "BorderThickness": [0.375, 0.375, 0.25, 0.25], "ColIndex": 2, "Height": 15.125, "InlineAlign": "Center", "RowIndex": 3, "Width": 134.5}}, {"Bounds": [313.9199981689453, 328.1342468261719, 327.5684356689453, 342.8254852294922], "ClipBounds": [313.9199981689453, 328.3699951171875, 327.5684356689453, 342.25], "Font": {"alt_family_name": "Calibri", "embedded": true, "encoding": "WinAnsiEncoding", "family_name": "Calibri", "font_type": "TrueType", "italic": false, "monospaced": false, "name": "KROEUY+Calibri", "subset": true, "weight": 400}, "HasClip": true, "Lang": "en", "Page": 1, "Path": "//Document/Sect[6]/Table/TR[4]/TD[3]/P", "Text": "$0 ", "TextSize": 10.979995727539062, "attributes": {"LineHeight": 13.125}}, {"Bounds": [448.0800018310547, 328.1342468261719, 481.21820068359375, 342.8254852294922], "ClipBounds": [448.0800018310547, 328.3699951171875, 481.21820068359375, 342.25], "Page": 1, "Path": "//Document/Sect[6]/Table/TR[4]/TD[4]", "attributes": {"BBox": [385.5439999999944, 328.69899999999325, 540.8179999999993, 343.8179999999993], "BlockAlign": "Middle", "BorderColor": [0, 0, 0], "BorderStyle": "Solid", "BorderThickness": [0.375, 0.375, 0.25, 0.625], "ColIndex": 3, "Height": 15.125, "InlineAlign": "Center", "RowIndex": 3, "Width": 155.25}}, {"Bounds": [448.0800018310547, 328.1342468261719, 481.21820068359375, 342.8254852294922], "ClipBounds": [448.0800018310547, 328.3699951171875, 481.21820068359375, 342.25], "Font": {"alt_family_name": "Calibri", "embedded": true, "encoding": "WinAnsiEncoding", "family_name": "Calibri", "font_type": "TrueType", "italic": false, "monospaced": false, "name": "KROEUY+Calibri", "subset": true, "weight": 400}, "HasClip": true, "Lang": "en", "Page": 1, "Path": "//Document/Sect[6]/Table/TR[4]/TD[4]/P", "Text": "$6,000 ", "TextSize": 10.979995727539062, "attributes": {"LineHeight": 13.125}}, {"Bounds": [89.58000183105469, 314.15423583984375, 97.62835693359375, 328.84547424316406], "ClipBounds": [89.58000183105469, 314.3900146484375, 97.62835693359375, 328.33001708984375], "Page": 1, "Path": "//Document/Sect[6]/Table/TR[5]/TD", "attributes": {"BBox": [71.39709999999832, 314.29899999999907, 112.67499999999927, 329.4189999999944], "BlockAlign": "Middle", "BorderColor": [0, 0, 0], "BorderStyle": "Solid", "BorderThickness": [0.375, 0.375, 0.625, 0.375], "ColIndex": 0, "Height": 15.125, "InlineAlign": "Center", "RowIndex": 4, "Width": 41.25}}, {"Bounds": [89.58000183105469, 314.15423583984375, 97.62835693359375, 328.84547424316406], "ClipBounds": [89.58000183105469, 314.3900146484375, 97.62835693359375, 328.33001708984375], "Font": {"alt_family_name": "Calibri", "embedded": true, "encoding": "WinAnsiEncoding", "family_name": "Calibri", "font_type": "TrueType", "italic": false, "monospaced": false, "name": "KROEUY+Calibri", "subset": true, "weight": 400}, "HasClip": true, "Lang": "en", "Page": 1, "Path": "//Document/Sect[6]/Table/TR[5]/TD/P", "Text": "4 ", "TextSize": 10.979995727539062, "attributes": {"LineHeight": 13.125}}, {"Bounds": [176.63999938964844, 314.15423583984375, 190.28843688964844, 328.84547424316406], "ClipBounds": [176.63999938964844, 314.3900146484375, 190.28843688964844, 328.33001708984375], "Page": 1, "Path": "//Document/Sect[6]/Table/TR[5]/TD[2]", "attributes": {"BBox": [111.95499999999811, 314.29899999999907, 252.22999999999593, 329.4189999999944], "BlockAlign": "Middle", "BorderColor": [0, 0, 0], "BorderStyle": "Solid", "BorderThickness": [0.375, 0.375, 0.375, 0.25], "ColIndex": 1, "Height": 15.125, "InlineAlign": "Center", "RowIndex": 4, "Width": 140.25}}, {"Bounds": [176.63999938964844, 314.15423583984375, 190.28843688964844, 328.84547424316406], "ClipBounds": [176.63999938964844, 314.3900146484375, 190.28843688964844, 328.33001708984375], "Font": {"alt_family_name": "Calibri", "embedded": true, "encoding": "WinAnsiEncoding", "family_name": "Calibri", "font_type": "TrueType", "italic": false, "monospaced": false, "name": "KROEUY+Calibri", "subset": true, "weight": 400}, "HasClip": true, "Lang": "en", "Page": 1, "Path": "//Document/Sect[6]/Table/TR[5]/TD[2]/P", "Text": "$0 ", "TextSize": 10.979995727539062, "attributes": {"LineHeight": 13.125}}, {"Bounds": [304.1999969482422, 314.15423583984375, 337.3402404785156, 328.84547424316406], "ClipBounds": [304.1999969482422, 314.3900146484375, 337.3402404785156, 328.33001708984375], "Page": 1, "Path": "//Document/Sect[6]/Table/TR[5]/TD[3]", "attributes": {"BBox": [251.62999999999738, 314.29899999999907, 386.1439999999857, 329.4189999999944], "BlockAlign": "Middle", "BorderColor": [0, 0, 0], "BorderStyle": "Solid", "BorderThickness": [0.375, 0.375, 0.25, 0.25], "ColIndex": 2, "Height": 15.125, "InlineAlign": "Center", "RowIndex": 4, "Width": 134.5}}, {"Bounds": [304.1999969482422, 314.15423583984375, 337.3402404785156, 328.84547424316406], "ClipBounds": [304.1999969482422, 314.3900146484375, 337.3402404785156, 328.33001708984375], "Font": {"alt_family_name": "Calibri", "embedded": true, "encoding": "WinAnsiEncoding", "family_name": "Calibri", "font_type": "TrueType", "italic": false, "monospaced": false, "name": "KROEUY+Calibri", "subset": true, "weight": 400}, "HasClip": true, "Lang": "en", "Page": 1, "Path": "//Document/Sect[6]/Table/TR[5]/TD[3]/P", "Text": "$2,000 ", "TextSize": 10.979995727539062, "attributes": {"LineHeight": 13.125}}, {"Bounds": [448.0800018310547, 314.15423583984375, 481.21820068359375, 328.84547424316406], "ClipBounds": [448.0800018310547, 314.3900146484375, 481.21820068359375, 328.33001708984375], "Page": 1, "Path": "//Document/Sect[6]/Table/TR[5]/TD[4]", "attributes": {"BBox": [385.5439999999944, 314.29899999999907, 540.8179999999993, 329.4189999999944], "BlockAlign": "Middle", "BorderColor": [0, 0, 0], "BorderStyle": "Solid", "BorderThickness": [0.375, 0.375, 0.25, 0.625], "ColIndex": 3, "Height": 15.125, "InlineAlign": "Center", "RowIndex": 4, "Width": 155.25}}, {"Bounds": [448.0800018310547, 314.15423583984375, 481.21820068359375, 328.84547424316406], "ClipBounds": [448.0800018310547, 314.3900146484375, 481.21820068359375, 328.33001708984375], "Font": {"alt_family_name": "Calibri", "embedded": true, "encoding": "WinAnsiEncoding", "family_name": "Calibri", "font_type": "TrueType", "italic": false, "monospaced": false, "name": "KROEUY+Calibri", "subset": true, "weight": 400}, "HasClip": true, "Lang": "en", "Page": 1, "Path": "//Document/Sect[6]/Table/TR[5]/TD[4]/P", "Text": "$4,000 ", "TextSize": 10.979995727539062, "attributes": {"LineHeight": 13.125}}, {"Bounds": [89.58000183105469, 300.23423767089844, 97.62835693359375, 314.92547607421875], "ClipBounds": [89.58000183105469, 300.4700012207031, 97.62835693359375, 314.4110107421875], "Page": 1, "Path": "//Document/Sect[6]/Table/TR[6]/TD", "attributes": {"BBox": [71.39709999999832, 299.8999999999942, 112.67499999999927, 315.0189999999857], "BlockAlign": "Middle", "BorderColor": [0, 0, 0], "BorderStyle": "Solid", "BorderThickness": [0.375, 0.375, 0.625, 0.375], "ColIndex": 0, "Height": 15.125, "InlineAlign": "Center", "RowIndex": 5, "Width": 41.25}}, {"Bounds": [89.58000183105469, 300.23423767089844, 97.62835693359375, 314.92547607421875], "ClipBounds": [89.58000183105469, 300.4700012207031, 97.62835693359375, 314.4110107421875], "Font": {"alt_family_name": "Calibri", "embedded": true, "encoding": "WinAnsiEncoding", "family_name": "Calibri", "font_type": "TrueType", "italic": false, "monospaced": false, "name": "KROEUY+Calibri", "subset": true, "weight": 400}, "HasClip": true, "Lang": "en", "Page": 1, "Path": "//Document/Sect[6]/Table/TR[6]/TD/P", "Text": "5 ", "TextSize": 10.979995727539062, "attributes": {"LineHeight": 13.125}}, {"Bounds": [176.63999938964844, 300.23423767089844, 190.28843688964844, 314.92547607421875], "ClipBounds": [176.63999938964844, 300.4700012207031, 190.28843688964844, 314.4110107421875], "Page": 1, "Path": "//Document/Sect[6]/Table/TR[6]/TD[2]", "attributes": {"BBox": [111.95499999999811, 299.8999999999942, 252.22999999999593, 315.0189999999857], "BlockAlign": "Middle", "BorderColor": [0, 0, 0], "BorderStyle": "Solid", "BorderThickness": [0.375, 0.375, 0.375, 0.25], "ColIndex": 1, "Height": 15.125, "InlineAlign": "Center", "RowIndex": 5, "Width": 140.25}}, {"Bounds": [176.63999938964844, 300.23423767089844, 190.28843688964844, 314.92547607421875], "ClipBounds": [176.63999938964844, 300.4700012207031, 190.28843688964844, 314.4110107421875], "Font": {"alt_family_name": "Calibri", "embedded": true, "encoding": "WinAnsiEncoding", "family_name": "Calibri", "font_type": "TrueType", "italic": false, "monospaced": false, "name": "KROEUY+Calibri", "subset": true, "weight": 400}, "HasClip": true, "Lang": "en", "Page": 1, "Path": "//Document/Sect[6]/Table/TR[6]/TD[2]/P", "Text": "$0 ", "TextSize": 10.979995727539062, "attributes": {"LineHeight": 13.125}}, {"Bounds": [304.1999969482422, 300.23423767089844, 337.3402404785156, 314.92547607421875], "ClipBounds": [304.1999969482422, 300.4700012207031, 337.3402404785156, 314.4110107421875], "Page": 1, "Path": "//Document/Sect[6]/Table/TR[6]/TD[3]", "attributes": {"BBox": [251.62999999999738, 299.8999999999942, 386.1439999999857, 315.0189999999857], "BlockAlign": "Middle", "BorderColor": [0, 0, 0], "BorderStyle": "Solid", "BorderThickness": [0.375, 0.375, 0.25, 0.25], "ColIndex": 2, "Height": 15.125, "InlineAlign": "Center", "RowIndex": 5, "Width": 134.5}}, {"Bounds": [304.1999969482422, 300.23423767089844, 337.3402404785156, 314.92547607421875], "ClipBounds": [304.1999969482422, 300.4700012207031, 337.3402404785156, 314.4110107421875], "Font": {"alt_family_name": "Calibri", "embedded": true, "encoding": "WinAnsiEncoding", "family_name": "Calibri", "font_type": "TrueType", "italic": false, "monospaced": false, "name": "KROEUY+Calibri", "subset": true, "weight": 400}, "HasClip": true, "Lang": "en", "Page": 1, "Path": "//Document/Sect[6]/Table/TR[6]/TD[3]/P", "Text": "$2,000 ", "TextSize": 10.979995727539062, "attributes": {"LineHeight": 13.125}}, {"Bounds": [448.0800018310547, 300.23423767089844, 481.21820068359375, 314.92547607421875], "ClipBounds": [448.0800018310547, 300.4700012207031, 481.21820068359375, 314.4110107421875], "Page": 1, "Path": "//Document/Sect[6]/Table/TR[6]/TD[4]", "attributes": {"BBox": [385.5439999999944, 299.8999999999942, 540.8179999999993, 315.0189999999857], "BlockAlign": "Middle", "BorderColor": [0, 0, 0], "BorderStyle": "Solid", "BorderThickness": [0.375, 0.375, 0.25, 0.625], "ColIndex": 3, "Height": 15.125, "InlineAlign": "Center", "RowIndex": 5, "Width": 155.25}}, {"Bounds": [448.0800018310547, 300.23423767089844, 481.21820068359375, 314.92547607421875], "ClipBounds": [448.0800018310547, 300.4700012207031, 481.21820068359375, 314.4110107421875], "Font": {"alt_family_name": "Calibri", "embedded": true, "encoding": "WinAnsiEncoding", "family_name": "Calibri", "font_type": "TrueType", "italic": false, "monospaced": false, "name": "KROEUY+Calibri", "subset": true, "weight": 400}, "HasClip": true, "Lang": "en", "Page": 1, "Path": "//Document/Sect[6]/Table/TR[6]/TD[4]/P", "Text": "$2,000 ", "TextSize": 10.979995727539062, "attributes": {"LineHeight": 13.125}}, {"Bounds": [89.58000183105469, 286.3142395019531, 97.62835693359375, 301.00547790527344], "ClipBounds": [89.58000183105469, 286.54998779296875, 97.62835693359375, 300.489990234375], "Page": 1, "Path": "//Document/Sect[6]/Table/TR[7]/TD", "attributes": {"BBox": [71.39709999999832, 285.1409999999887, 112.67499999999927, 300.61999999999534], "BlockAlign": "Before", "BorderColor": [0, 0, 0], "BorderStyle": "Solid", "BorderThickness": [0.375, 0.75, 0.625, 0.375], "ColIndex": 0, "Height": 15.5, "InlineAlign": "Center", "RowIndex": 6, "Width": 41.25}}, {"Bounds": [89.58000183105469, 286.3142395019531, 97.62835693359375, 301.00547790527344], "ClipBounds": [89.58000183105469, 286.54998779296875, 97.62835693359375, 300.489990234375], "Font": {"alt_family_name": "Calibri", "embedded": true, "encoding": "WinAnsiEncoding", "family_name": "Calibri", "font_type": "TrueType", "italic": false, "monospaced": false, "name": "KROEUY+Calibri", "subset": true, "weight": 400}, "HasClip": true, "Lang": "en", "Page": 1, "Path": "//Document/Sect[6]/Table/TR[7]/TD/P", "Text": "6 ", "TextSize": 10.979995727539062, "attributes": {"LineHeight": 13.125}}, {"Bounds": [176.63999938964844, 286.3142395019531, 190.28843688964844, 301.00547790527344], "ClipBounds": [176.63999938964844, 286.54998779296875, 190.28843688964844, 300.489990234375], "Page": 1, "Path": "//Document/Sect[6]/Table/TR[7]/TD[2]", "attributes": {"BBox": [111.95499999999811, 285.1409999999887, 252.22999999999593, 300.61999999999534], "BlockAlign": "Before", "BorderColor": [0, 0, 0], "BorderStyle": "Solid", "BorderThickness": [0.375, 0.75, 0.375, 0.25], "ColIndex": 1, "Height": 15.5, "InlineAlign": "Center", "RowIndex": 6, "Width": 140.25}}, {"Bounds": [176.63999938964844, 286.3142395019531, 190.28843688964844, 301.00547790527344], "ClipBounds": [176.63999938964844, 286.54998779296875, 190.28843688964844, 300.489990234375], "Font": {"alt_family_name": "Calibri", "embedded": true, "encoding": "WinAnsiEncoding", "family_name": "Calibri", "font_type": "TrueType", "italic": false, "monospaced": false, "name": "KROEUY+Calibri", "subset": true, "weight": 400}, "HasClip": true, "Lang": "en", "Page": 1, "Path": "//Document/Sect[6]/Table/TR[7]/TD[2]/P", "Text": "$0 ", "TextSize": 10.979995727539062, "attributes": {"LineHeight": 13.125}}, {"Bounds": [304.1999969482422, 286.3142395019531, 337.3291778564453, 301.00547790527344], "ClipBounds": [304.1999969482422, 286.54998779296875, 337.3291778564453, 300.489990234375], "Page": 1, "Path": "//Document/Sect[6]/Table/TR[7]/TD[3]", "attributes": {"BBox": [251.62999999999738, 285.1409999999887, 386.1439999999857, 300.61999999999534], "BlockAlign": "Before", "BorderColor": [0, 0, 0], "BorderStyle": "Solid", "BorderThickness": [0.375, 0.75, 0.25, 0.25], "ColIndex": 2, "Height": 15.5, "InlineAlign": "Center", "RowIndex": 6, "Width": 134.5}}, {"Bounds": [304.1999969482422, 286.3142395019531, 337.3291778564453, 301.00547790527344], "ClipBounds": [304.1999969482422, 286.54998779296875, 337.3291778564453, 300.489990234375], "Font": {"alt_family_name": "Calibri", "embedded": true, "encoding": "WinAnsiEncoding", "family_name": "Calibri", "font_type": "TrueType", "italic": false, "monospaced": false, "name": "KROEUY+Calibri", "subset": true, "weight": 400}, "HasClip": true, "Lang": "en", "Page": 1, "Path": "//Document/Sect[6]/Table/TR[7]/TD[3]/P", "Text": "$2,000 ", "TextSize": 10.979995727539062, "attributes": {"LineHeight": 13.125}}, {"Bounds": [457.8000030517578, 286.3142395019531, 471.4373779296875, 301.00547790527344], "ClipBounds": [457.8000030517578, 286.54998779296875, 471.4373779296875, 300.489990234375], "Page": 1, "Path": "//Document/Sect[6]/Table/TR[7]/TD[4]", "attributes": {"BBox": [385.5439999999944, 285.1409999999887, 540.8179999999993, 300.61999999999534], "BlockAlign": "Before", "BorderColor": [0, 0, 0], "BorderStyle": "Solid", "BorderThickness": [0.375, 0.75, 0.25, 0.625], "ColIndex": 3, "Height": 15.5, "InlineAlign": "Center", "RowIndex": 6, "Width": 155.25}}, {"Bounds": [457.8000030517578, 286.3142395019531, 471.4373779296875, 301.00547790527344], "ClipBounds": [457.8000030517578, 286.54998779296875, 471.4373779296875, 300.489990234375], "Font": {"alt_family_name": "Calibri", "embedded": true, "encoding": "WinAnsiEncoding", "family_name": "Calibri", "font_type": "TrueType", "italic": false, "monospaced": false, "name": "KROEUY+Calibri", "subset": true, "weight": 400}, "HasClip": true, "Lang": "en", "Page": 1, "Path": "//Document/Sect[6]/Table/TR[7]/TD[4]/P", "Text": "$0 ", "TextSize": 10.979995727539062, "attributes": {"LineHeight": 13.125}}, {"Bounds": [72.0, 245.51524353027344, 286.406494140625, 260.20648193359375], "Font": {"alt_family_name": "Calibri", "embedded": true, "encoding": "WinAnsiEncoding", "family_name": "Calibri", "font_type": "TrueType", "italic": false, "monospaced": false, "name": "KROEUY+Calibri", "subset": true, "weight": 400}, "HasClip": false, "Lang": "en", "Page": 1, "Path": "//Document/Sect[6]/P[3]", "Text": "Eligible expenses include but are not limited to: ", "TextSize": 10.979995727539062}, {"Bounds": [72.0, 232.130615234375, 82.83741760253906, 246.8218536376953], "Font": {"alt_family_name": "Calibri", "embedded": true, "encoding": "WinAnsiEncoding", "family_name": "Calibri", "font_type": "TrueType", "italic": false, "monospaced": false, "name": "KROEUY+Calibri", "subset": true, "weight": 400}, "HasClip": false, "Page": 1, "Path": "//Document/Sect[6]/L/LI/Lbl", "Text": "1. ", "TextSize": 10.979995727539062}, {"Bounds": [108.00341796875, 232.130615234375, 141.8327178955078, 246.8218536376953], "Font": {"alt_family_name": "Calibri", "embedded": true, "encoding": "WinAnsiEncoding", "family_name": "Calibri", "font_type": "TrueType", "italic": false, "monospaced": false, "name": "KROEUY+Calibri", "subset": true, "weight": 400}, "HasClip": false, "Page": 1, "Path": "//Document/Sect[6]/L/LI/LBody", "Text": "Tuition ", "TextSize": 10.979995727539062}, {"Bounds": [72.0, 218.69110107421875, 82.84848022460938, 233.38233947753906], "Font": {"alt_family_name": "Calibri", "embedded": true, "encoding": "WinAnsiEncoding", "family_name": "Calibri", "font_type": "TrueType", "italic": false, "monospaced": false, "name": "KROEUY+Calibri", "subset": true, "weight": 400}, "HasClip": false, "Page": 1, "Path": "//Document/Sect[6]/L/LI[2]/Lbl", "Text": "2. ", "TextSize": 10.979995727539062}, {"Bounds": [108.00341796875, 218.69110107421875, 185.0291290283203, 233.38233947753906], "Font": {"alt_family_name": "Calibri", "embedded": true, "encoding": "WinAnsiEncoding", "family_name": "Calibri", "font_type": "TrueType", "italic": false, "monospaced": false, "name": "KROEUY+Calibri", "subset": true, "weight": 400}, "HasClip": false, "Page": 1, "Path": "//Document/Sect[6]/L/LI[2]/LBody", "Text": "Necessary books ", "TextSize": 10.979995727539062}, {"Bounds": [72.0, 205.2515869140625, 82.83741760253906, 219.9428253173828], "Font": {"alt_family_name": "Calibri", "embedded": true, "encoding": "WinAnsiEncoding", "family_name": "Calibri", "font_type": "TrueType", "italic": false, "monospaced": false, "name": "KROEUY+Calibri", "subset": true, "weight": 400}, "HasClip": false, "Page": 1, "Path": "//Document/Sect[6]/L/LI[3]/Lbl", "Text": "3. ", "TextSize": 10.979995727539062}, {"Bounds": [108.00341796875, 205.2515869140625, 428.1505432128906, 219.9428253173828], "Font": {"alt_family_name": "Calibri", "embedded": true, "encoding": "WinAnsiEncoding", "family_name": "Calibri", "font_type": "TrueType", "italic": false, "monospaced": false, "name": "KROEUY+Calibri", "subset": true, "weight": 400}, "HasClip": false, "Page": 1, "Path": "//Document/Sect[6]/L/LI[3]/LBody", "Text": "Licensing exams, required for a certification (i.e. CPA, JD), upon passing ", "TextSize": 10.979995727539062}, {"Bounds": [72.0, 191.8120574951172, 82.83741760253906, 206.5032958984375], "Font": {"alt_family_name": "Calibri", "embedded": true, "encoding": "WinAnsiEncoding", "family_name": "Calibri", "font_type": "TrueType", "italic": false, "monospaced": false, "name": "KROEUY+Calibri", "subset": true, "weight": 400}, "HasClip": false, "Page": 1, "Path": "//Document/Sect[6]/L/LI[4]/Lbl", "Text": "4. ", "TextSize": 10.979995727539062}, {"Bounds": [108.00341796875, 191.8120574951172, 314.3351135253906, 206.5032958984375], "Font": {"alt_family_name": "Calibri", "embedded": true, "encoding": "WinAnsiEncoding", "family_name": "Calibri", "font_type": "TrueType", "italic": false, "monospaced": false, "name": "KROEUY+Calibri", "subset": true, "weight": 400}, "HasClip": false, "Page": 1, "Path": "//Document/Sect[6]/L/LI[4]/LBody", "Text": "CLEP or other advanced placement exam fees ", "TextSize": 10.979995727539062}, {"Bounds": [72.010986328125, 178.4274444580078, 82.85946655273438, 193.11868286132812], "Font": {"alt_family_name": "Calibri", "embedded": true, "encoding": "WinAnsiEncoding", "family_name": "Calibri", "font_type": "TrueType", "italic": false, "monospaced": false, "name": "KROEUY+Calibri", "subset": true, "weight": 400}, "HasClip": false, "Page": 1, "Path": "//Document/Sect[6]/L/LI[5]/Lbl", "Text": "5. ", "TextSize": 10.979995727539062}, {"Bounds": [108.014404296875, 178.4274444580078, 172.2032928466797, 193.11868286132812], "Font": {"alt_family_name": "Calibri", "embedded": true, "encoding": "WinAnsiEncoding", "family_name": "Calibri", "font_type": "TrueType", "italic": false, "monospaced": false, "name": "KROEUY+Calibri", "subset": true, "weight": 400}, "HasClip": false, "Page": 1, "Path": "//Document/Sect[6]/L/LI[5]/LBody", "Text": "Required fees ", "TextSize": 10.979995727539062}, {"Bounds": [72.0, 151.54840087890625, 308.54217529296875, 166.23963928222656], "Font": {"alt_family_name": "Calibri", "embedded": true, "encoding": "WinAnsiEncoding", "family_name": "Calibri", "font_type": "TrueType", "italic": false, "monospaced": false, "name": "KROEUY+Calibri", "subset": true, "weight": 400}, "HasClip": false, "Lang": "en", "Page": 1, "Path": "//Document/Sect[6]/P[4]", "Text": "Non-eligible expenses include but are not limited to: ", "TextSize": 10.979995727539062}, {"Bounds": [72.0, 138.10888671875, 82.84848022460938, 152.8001251220703], "Font": {"alt_family_name": "Calibri", "embedded": true, "encoding": "WinAnsiEncoding", "family_name": "Calibri", "font_type": "TrueType", "italic": false, "monospaced": false, "name": "KROEUY+Calibri", "subset": true, "weight": 400}, "HasClip": false, "Page": 1, "Path": "//Document/Sect[6]/L[2]/LI/Lbl", "Text": "1. ", "TextSize": 10.979995727539062}, {"Bounds": [108.00341796875, 138.10888671875, 201.42596435546875, 152.8001251220703], "Font": {"alt_family_name": "Calibri", "embedded": true, "encoding": "WinAnsiEncoding", "family_name": "Calibri", "font_type": "TrueType", "italic": false, "monospaced": false, "name": "KROEUY+Calibri", "subset": true, "weight": 400}, "HasClip": false, "Page": 1, "Path": "//Document/Sect[6]/L[2]/LI/LBody", "Text": "Student activity fees ", "TextSize": 10.979995727539062}, {"Bounds": [72.0, 124.66935729980469, 82.84848022460938, 139.360595703125], "Font": {"alt_family_name": "Calibri", "embedded": true, "encoding": "WinAnsiEncoding", "family_name": "Calibri", "font_type": "TrueType", "italic": false, "monospaced": false, "name": "KROEUY+Calibri", "subset": true, "weight": 400}, "HasClip": false, "Page": 1, "Path": "//Document/Sect[6]/L[2]/LI[2]/Lbl", "Text": "2. ", "TextSize": 10.979995727539062}, {"Bounds": [108.00341796875, 124.66935729980469, 246.53565979003906, 139.360595703125], "Font": {"alt_family_name": "Calibri", "embedded": true, "encoding": "WinAnsiEncoding", "family_name": "Calibri", "font_type": "TrueType", "italic": false, "monospaced": false, "name": "KROEUY+Calibri", "subset": true, "weight": 400}, "HasClip": false, "Page": 1, "Path": "//Document/Sect[6]/L[2]/LI[2]/LBody", "Text": "Vocational or \u201chobby\u201d courses ", "TextSize": 10.979995727539062}, {"Bounds": [72.0, 111.28474426269531, 82.83741760253906, 125.97598266601562], "Font": {"alt_family_name": "Calibri", "embedded": true, "encoding": "WinAnsiEncoding", "family_name": "Calibri", "font_type": "TrueType", "italic": false, "monospaced": false, "name": "KROEUY+Calibri", "subset": true, "weight": 400}, "HasClip": false, "Page": 1, "Path": "//Document/Sect[6]/L[2]/LI[3]/Lbl", "Text": "3. ", "TextSize": 10.979995727539062}, {"Bounds": [108.00341796875, 111.28474426269531, 213.94566345214844, 125.97598266601562], "Font": {"alt_family_name": "Calibri", "embedded": true, "encoding": "WinAnsiEncoding", "family_name": "Calibri", "font_type": "TrueType", "italic": false, "monospaced": false, "name": "KROEUY+Calibri", "subset": true, "weight": 400}, "HasClip": false, "Page": 1, "Path": "//Document/Sect[6]/L[2]/LI[3]/LBody", "Text": "Interest or late charges ", "TextSize": 10.979995727539062}, {"Bounds": [72.0, 97.84521484375, 82.84848022460938, 112.53645324707031], "Font": {"alt_family_name": "Calibri", "embedded": true, "encoding": "WinAnsiEncoding", "family_name": "Calibri", "font_type": "TrueType", "italic": false, "monospaced": false, "name": "KROEUY+Calibri", "subset": true, "weight": 400}, "HasClip": false, "Page": 1, "Path": "//Document/Sect[6]/L[2]/LI[4]/Lbl", "Text": "4. ", "TextSize": 10.979995727539062}, {"Bounds": [108.00341796875, 97.84521484375, 147.63006591796875, 112.53645324707031], "Font": {"alt_family_name": "Calibri", "embedded": true, "encoding": "WinAnsiEncoding", "family_name": "Calibri", "font_type": "TrueType", "italic": false, "monospaced": false, "name": "KROEUY+Calibri", "subset": true, "weight": 400}, "HasClip": false, "Page": 1, "Path": "//Document/Sect[6]/L[2]/LI[4]/LBody", "Text": "Supplies ", "TextSize": 10.979995727539062}, {"Bounds": [72.0, 84.40570068359375, 82.84848022460938, 99.09693908691406], "Font": {"alt_family_name": "Calibri", "embedded": true, "encoding": "WinAnsiEncoding", "family_name": "Calibri", "font_type": "TrueType", "italic": false, "monospaced": false, "name": "KROEUY+Calibri", "subset": true, "weight": 400}, "HasClip": false, "Page": 1, "Path": "//Document/Sect[6]/L[2]/LI[5]/Lbl", "Text": "5. ", "TextSize": 10.979995727539062}, {"Bounds": [108.00341796875, 84.40570068359375, 336.4573211669922, 99.09693908691406], "Font": {"alt_family_name": "Calibri", "embedded": true, "encoding": "WinAnsiEncoding", "family_name": "Calibri", "font_type": "TrueType", "italic": false, "monospaced": false, "name": "KROEUY+Calibri", "subset": true, "weight": 400}, "HasClip": false, "Page": 1, "Path": "//Document/Sect[6]/L[2]/LI[5]/LBody/ParagraphSpan", "Text": "Travel expenses such as mileage, parking, and tolls ", "TextSize": 10.979995727539062}, {"Bounds": [72.0, 706.0742340087891, 82.84848022460938, 720.7654724121094], "Font": {"alt_family_name": "Calibri", "embedded": true, "encoding": "WinAnsiEncoding", "family_name": "Calibri", "font_type": "TrueType", "italic": false, "monospaced": false, "name": "KROEUY+Calibri", "subset": true, "weight": 400}, "HasClip": false, "Page": 2, "Path": "//Document/Sect[6]/L[2]/LI[6]/Lbl", "Text": "6. ", "TextSize": 10.979995727539062}, {"Bounds": [108.00341796875, 706.0742340087891, 227.66400146484375, 720.7654724121094], "Font": {"alt_family_name": "Calibri", "embedded": true, "encoding": "WinAnsiEncoding", "family_name": "Calibri", "font_type": "TrueType", "italic": false, "monospaced": false, "name": "KROEUY+Calibri", "subset": true, "weight": 400}, "HasClip": false, "Page": 2, "Path": "//Document/Sect[6]/L[2]/LI[6]/LBody", "Text": "Self-improvement courses ", "TextSize": 10.979995727539062}, {"Bounds": [72.010986328125, 692.6347198486328, 82.84840393066406, 707.3259582519531], "Font": {"alt_family_name": "Calibri", "embedded": true, "encoding": "WinAnsiEncoding", "family_name": "Calibri", "font_type": "TrueType", "italic": false, "monospaced": false, "name": "KROEUY+Calibri", "subset": true, "weight": 400}, "HasClip": false, "Page": 2, "Path": "//Document/Sect[6]/L[2]/LI[7]/Lbl", "Text": "7. ", "TextSize": 10.979995727539062}, {"Bounds": [108.014404296875, 692.6347198486328, 198.00103759765625, 707.3259582519531], "Font": {"alt_family_name": "Calibri", "embedded": true, "encoding": "WinAnsiEncoding", "family_name": "Calibri", "font_type": "TrueType", "italic": false, "monospaced": false, "name": "KROEUY+Calibri", "subset": true, "weight": 400}, "HasClip": false, "Page": 2, "Path": "//Document/Sect[6]/L[2]/LI[7]/LBody", "Text": "Entrance Exam fees ", "TextSize": 10.979995727539062}, {"Bounds": [72.0, 679.2501068115234, 82.84848022460938, 693.9413452148438], "Font": {"alt_family_name": "Calibri", "embedded": true, "encoding": "WinAnsiEncoding", "family_name": "Calibri", "font_type": "TrueType", "italic": false, "monospaced": false, "name": "KROEUY+Calibri", "subset": true, "weight": 400}, "HasClip": false, "Page": 2, "Path": "//Document/Sect[6]/L[2]/LI[8]/Lbl", "Text": "8. ", "TextSize": 10.979995727539062}, {"Bounds": [108.00341796875, 679.2501068115234, 186.5928192138672, 693.9413452148438], "Font": {"alt_family_name": "Calibri", "embedded": true, "encoding": "WinAnsiEncoding", "family_name": "Calibri", "font_type": "TrueType", "italic": false, "monospaced": false, "name": "KROEUY+Calibri", "subset": true, "weight": 400}, "HasClip": false, "Page": 2, "Path": "//Document/Sect[6]/L[2]/LI[8]/LBody", "Text": "Out-of-state fees ", "TextSize": 10.979995727539062}, {"Bounds": [72.0, 665.8105773925781, 82.84848022460938, 680.5018157958984], "Font": {"alt_family_name": "Calibri", "embedded": true, "encoding": "WinAnsiEncoding", "family_name": "Calibri", "font_type": "TrueType", "italic": false, "monospaced": false, "name": "KROEUY+Calibri", "subset": true, "weight": 400}, "HasClip": false, "Page": 2, "Path": "//Document/Sect[6]/L[2]/LI[9]/Lbl", "Text": "9. ", "TextSize": 10.979995727539062}, {"Bounds": [108.00341796875, 665.8105773925781, 192.0498809814453, 680.5018157958984], "Font": {"alt_family_name": "Calibri", "embedded": true, "encoding": "WinAnsiEncoding", "family_name": "Calibri", "font_type": "TrueType", "italic": false, "monospaced": false, "name": "KROEUY+Calibri", "subset": true, "weight": 400}, "HasClip": false, "Page": 2, "Path": "//Document/Sect[6]/L[2]/LI[9]/LBody", "Text": "Non-required fees ", "TextSize": 10.979995727539062}, {"Bounds": [71.97804260253906, 625.4920196533203, 534.1889190673828, 653.6227874755859], "Font": {"alt_family_name": "Calibri", "embedded": true, "encoding": "WinAnsiEncoding", "family_name": "Calibri", "font_type": "TrueType", "italic": false, "monospaced": false, "name": "KROEUY+Calibri", "subset": true, "weight": 400}, "HasClip": false, "Lang": "en", "Page": 2, "Path": "//Document/Sect[6]/P[5]", "Text": "The associate will be reimbursed when required documentation is submitted upon course completion.  Reimbursement request must be submitted within 30 days of course completion. ", "TextSize": 10.979995727539062}, {"Bounds": [71.97804260253906, 598.2616271972656, 189.76734924316406, 613.5018615722656], "Font": {"alt_family_name": "Calibri", "embedded": true, "encoding": "WinAnsiEncoding", "family_name": "Calibri", "font_type": "TrueType", "italic": false, "monospaced": false, "name": "YHNFIW+Calibri-Bold", "subset": true, "weight": 700}, "HasClip": false, "Lang": "en", "Page": 2, "Path": "//Document/Sect[7]/H1", "Text": "Required Documentation ", "TextSize": 10.979995727539062}, {"Bounds": [89.98524475097656, 585.6346130371094, 97.78103637695312, 599.0851135253906], "Font": {"alt_family_name": "Symbol", "embedded": true, "encoding": "Identity-H", "family_name": "Symbol MT", "font_type": "CIDFontType2", "italic": false, "monospaced": false, "name": "HFBHEE+SymbolMT", "subset": true, "weight": 400}, "HasClip": false, "Page": 2, "Path": "//Document/Sect[7]/L/LI/Lbl", "Text": "\u2022 ", "TextSize": 10.979995727539062}, {"Bounds": [107.98146057128906, 584.6244659423828, 365.9969177246094, 599.3157043457031], "Font": {"alt_family_name": "Calibri", "embedded": true, "encoding": "WinAnsiEncoding", "family_name": "Calibri", "font_type": "TrueType", "italic": false, "monospaced": false, "name": "KROEUY+Calibri", "subset": true, "weight": 400}, "HasClip": false, "Page": 2, "Path": "//Document/Sect[7]/L/LI/LBody", "Text": "Signed educational assistance promissory note (annually) ", "TextSize": 10.979995727539062}, {"Bounds": [89.96328735351562, 571.6570739746094, 97.75907897949219, 585.1075744628906], "Font": {"alt_family_name": "Symbol", "embedded": true, "encoding": "Identity-H", "family_name": "Symbol MT", "font_type": "CIDFontType2", "italic": false, "monospaced": false, "name": "HFBHEE+SymbolMT", "subset": true, "weight": 400}, "HasClip": false, "Page": 2, "Path": "//Document/Sect[7]/L/LI[2]/Lbl", "Text": "\u2022 ", "TextSize": 10.979995727539062}, {"Bounds": [107.95950317382812, 570.6469268798828, 379.4379425048828, 585.3381652832031], "Font": {"alt_family_name": "Calibri", "embedded": true, "encoding": "WinAnsiEncoding", "family_name": "Calibri", "font_type": "TrueType", "italic": false, "monospaced": false, "name": "KROEUY+Calibri", "subset": true, "weight": 400}, "HasClip": false, "Page": 2, "Path": "//Document/Sect[7]/L/LI[2]/LBody", "Text": "Completed reimbursement request form (after each course) ", "TextSize": 10.979995727539062}, {"Bounds": [89.96328735351562, 557.6136627197266, 97.75907897949219, 571.0641632080078], "Font": {"alt_family_name": "Symbol", "embedded": true, "encoding": "Identity-H", "family_name": "Symbol MT", "font_type": "CIDFontType2", "italic": false, "monospaced": false, "name": "HFBHEE+SymbolMT", "subset": true, "weight": 400}, "HasClip": false, "Page": 2, "Path": "//Document/Sect[7]/L/LI[3]/Lbl", "Text": "\u2022 ", "TextSize": 10.979995727539062}, {"Bounds": [107.95950317382812, 556.6035003662109, 260.3963623046875, 571.2947387695312], "Font": {"alt_family_name": "Calibri", "embedded": true, "encoding": "WinAnsiEncoding", "family_name": "Calibri", "font_type": "TrueType", "italic": false, "monospaced": false, "name": "KROEUY+Calibri", "subset": true, "weight": 400}, "HasClip": false, "Page": 2, "Path": "//Document/Sect[7]/L/LI[3]/LBody", "Text": "Documentation of grade received ", "TextSize": 10.979995727539062}, {"Bounds": [89.96328735351562, 543.6361236572266, 97.75907897949219, 557.0866241455078], "Font": {"alt_family_name": "Symbol", "embedded": true, "encoding": "Identity-H", "family_name": "Symbol MT", "font_type": "CIDFontType2", "italic": false, "monospaced": false, "name": "HFBHEE+SymbolMT", "subset": true, "weight": 400}, "HasClip": false, "Page": 2, "Path": "//Document/Sect[7]/L/LI[4]/Lbl", "Text": "\u2022 ", "TextSize": 10.979995727539062}, {"Bounds": [107.95950317382812, 542.6259613037109, 208.42469787597656, 557.3171997070312], "Font": {"alt_family_name": "Calibri", "embedded": true, "encoding": "WinAnsiEncoding", "family_name": "Calibri", "font_type": "TrueType", "italic": false, "monospaced": false, "name": "KROEUY+Calibri", "subset": true, "weight": 400}, "HasClip": false, "Page": 2, "Path": "//Document/Sect[7]/L/LI[4]/LBody", "Text": "Payment of textbooks ", "TextSize": 10.979995727539062}, {"Bounds": [89.95230102539062, 529.5926971435547, 97.74809265136719, 543.0431976318359], "Font": {"alt_family_name": "Symbol", "embedded": true, "encoding": "Identity-H", "family_name": "Symbol MT", "font_type": "CIDFontType2", "italic": false, "monospaced": false, "name": "HFBHEE+SymbolMT", "subset": true, "weight": 400}, "HasClip": false, "Page": 2, "Path": "//Document/Sect[7]/L/LI[5]/Lbl", "Text": "\u2022 ", "TextSize": 10.979995727539062}, {"Bounds": [107.94851684570312, 528.5825347900391, 274.33184814453125, 543.2737731933594], "Font": {"alt_family_name": "Calibri", "embedded": true, "encoding": "WinAnsiEncoding", "family_name": "Calibri", "font_type": "TrueType", "italic": false, "monospaced": false, "name": "KROEUY+Calibri", "subset": true, "weight": 400}, "HasClip": false, "Page": 2, "Path": "//Document/Sect[7]/L/LI[5]/LBody", "Text": "Payment/Invoice for tuition and fees ", "TextSize": 10.979995727539062}, {"Bounds": [71.94509887695312, 488.3188781738281, 521.4258117675781, 516.3947448730469], "Font": {"alt_family_name": "Calibri", "embedded": true, "encoding": "WinAnsiEncoding", "family_name": "Calibri", "font_type": "TrueType", "italic": false, "monospaced": false, "name": "KROEUY+Calibri", "subset": true, "weight": 400}, "HasClip": false, "Lang": "en", "Page": 2, "Path": "//Document/Sect[7]/P", "Text": "The associate must receive a passing grade. If grades are not given, the course must be satisfactorily completed. The following grades are considered as passing: ", "TextSize": 10.979995727539062}, {"Bounds": [89.94131469726562, 475.2856140136719, 97.73712158203125, 488.7361145019531], "Font": {"alt_family_name": "Symbol", "embedded": true, "encoding": "Identity-H", "family_name": "Symbol MT", "font_type": "CIDFontType2", "italic": false, "monospaced": false, "name": "HFBHEE+SymbolMT", "subset": true, "weight": 400}, "HasClip": false, "Page": 2, "Path": "//Document/Sect[7]/L[2]/LI/Lbl", "Text": "\u2022 ", "TextSize": 10.979995727539062}, {"Bounds": [107.93754577636719, 474.2754669189453, 343.14593505859375, 488.9667053222656], "Font": {"alt_family_name": "Calibri", "embedded": true, "encoding": "WinAnsiEncoding", "family_name": "Calibri", "font_type": "TrueType", "italic": false, "monospaced": false, "name": "KROEUY+Calibri", "subset": true, "weight": 400}, "HasClip": false, "Page": 2, "Path": "//Document/Sect[7]/L[2]/LI/LBody", "Text": "Undergraduate level courses: Grade of \u201cC\u201d or better ", "TextSize": 10.979995727539062}, {"Bounds": [89.93034362792969, 461.3080749511719, 97.72613525390625, 474.7585754394531], "Font": {"alt_family_name": "Symbol", "embedded": true, "encoding": "Identity-H", "family_name": "Symbol MT", "font_type": "CIDFontType2", "italic": false, "monospaced": false, "name": "HFBHEE+SymbolMT", "subset": true, "weight": 400}, "HasClip": false, "Page": 2, "Path": "//Document/Sect[7]/L[2]/LI[2]/Lbl", "Text": "\u2022 ", "TextSize": 10.979995727539062}, {"Bounds": [107.92655944824219, 460.29791259765625, 317.0110168457031, 474.9891662597656], "Font": {"alt_family_name": "Calibri", "embedded": true, "encoding": "WinAnsiEncoding", "family_name": "Calibri", "font_type": "TrueType", "italic": false, "monospaced": false, "name": "KROEUY+Calibri", "subset": true, "weight": 400}, "HasClip": false, "Page": 2, "Path": "//Document/Sect[7]/L[2]/LI[2]/LBody", "Text": "Graduate level courses: Grade of \u201cB\u201d or better ", "TextSize": 10.979995727539062}, {"Bounds": [71.91215515136719, 419.97935485839844, 518.3477783203125, 448.11012268066406], "Font": {"alt_family_name": "Calibri", "embedded": true, "encoding": "WinAnsiEncoding", "family_name": "Calibri", "font_type": "TrueType", "italic": false, "monospaced": false, "name": "KROEUY+Calibri", "subset": true, "weight": 400}, "HasClip": false, "Lang": "en", "Page": 2, "Path": "//Document/Sect[7]/P[2]", "Text": "Reimbursement will be made within a 30-days from the date the properly completed and approved reimbursement forms are submitted. ", "TextSize": 10.979995727539062}], "pages": [{"boxes": {"CropBox": [0.0, 0.0, 612.0, 792.0], "MediaBox": [0.0, 0.0, 612.0, 792.0]}, "height": 792.0, "is_scanned": false, "page_number": 0, "rotation": 0, "width": 612.0}, {"boxes": {"CropBox": [0.0, 0.0, 612.0, 792.0], "MediaBox": [0.0, 0.0, 612.0, 792.0]}, "height": 792.0, "is_scanned": false, "page_number": 1, "rotation": 0, "width": 612.0}, {"boxes": {"CropBox": [0.0, 0.0, 612.0, 792.0], "MediaBox": [0.0, 0.0, 612.0, 792.0]}, "height": 792.0, "is_scanned": false, "page_number": 2, "rotation": 0, "width": 612.0}]}